organization_city,report_issue_date,exam_num,diagnoise_num
丽水市,2021-11-16,129,34
丽水市,2021-11-17,59,30
丽水市,2021-11-18,6,4
丽水市,2021-11-19,20,15
丽水市,2021-11-20,10,3
丽水市,2021-11-21,296,202
丽水市,2021-11-22,90,45
丽水市,2021-11-23,1059,238
丽水市,2021-11-24,32,0
丽水市,2021-11-25,64,6
丽水市,2021-11-26,129,12
丽水市,2021-11-27,158,66
丽水市,2021-11-28,417,206
丽水市,2021-11-29,215,0
丽水市,2021-11-30,162,4
丽水市,2021-12-01,15,1
丽水市,2021-12-03,7,2
丽水市,2021-12-04,1215,805
丽水市,2021-12-06,80,64
丽水市,2021-12-07,14,11
丽水市,2021-12-09,210,125
丽水市,2021-12-10,30,28
丽水市,2021-12-13,7,4
丽水市,2021-12-14,1,0
丽水市,2021-12-15,16,6
丽水市,2021-12-17,3,2
丽水市,2021-12-18,8,8
丽水市,2021-12-20,36,31
丽水市,2021-12-21,4,4
丽水市,2021-12-22,4,1
丽水市,2021-12-23,365,189
丽水市,2021-12-24,16,7
丽水市,2021-12-27,4,3
丽水市,2021-12-28,8,2
丽水市,2021-12-29,26,23
丽水市,2021-12-30,2,1
丽水市,2022-01-04,166,82
丽水市,2022-01-05,13,8
丽水市,2022-01-06,1,1
丽水市,2022-01-07,5,3
丽水市,2022-01-08,1,0
丽水市,2022-01-10,3,1
丽水市,2022-01-11,156,24
丽水市,2022-01-12,227,8
丽水市,2022-01-13,32,14
丽水市,2022-01-14,1,1
丽水市,2022-01-15,369,189
丽水市,2022-01-17,1,1
丽水市,2022-01-18,67,4
丽水市,2022-01-19,131,1
丽水市,2022-01-20,12,0
丽水市,2022-01-22,19,0
丽水市,2022-01-23,539,368
丽水市,2022-01-27,8,0
丽水市,2022-02-08,8,5
丽水市,2022-02-10,5,0
丽水市,2022-02-11,9,0
丽水市,2022-02-13,3,1
丽水市,2022-02-14,2,1
丽水市,2022-02-15,80,34
丽水市,2022-02-16,164,81
丽水市,2022-02-17,7,4
丽水市,2022-02-18,60,42
丽水市,2022-02-19,84,63
丽水市,2022-02-20,69,45
丽水市,2022-02-21,1,0
丽水市,2022-02-22,7,1
丽水市,2022-02-23,22,15
丽水市,2022-02-24,4,2
丽水市,2022-02-25,6,4
丽水市,2022-02-27,12,0
丽水市,2022-02-28,159,119
丽水市,2022-03-01,248,174
丽水市,2022-03-02,148,107
丽水市,2022-03-03,15,5
丽水市,2022-03-04,266,225
丽水市,2022-03-07,252,225
丽水市,2022-03-08,488,383
丽水市,2022-03-09,271,221
丽水市,2022-03-10,176,124
丽水市,2022-03-11,207,155
丽水市,2022-03-12,275,181
丽水市,2022-03-13,196,170
丽水市,2022-03-14,2,2
丽水市,2022-03-15,296,244
丽水市,2022-03-16,205,175
丽水市,2022-03-17,230,189
丽水市,2022-03-18,140,108
丽水市,2022-03-19,35,21
丽水市,2022-03-20,89,70
丽水市,2022-03-21,244,75
丽水市,2022-03-22,288,230
丽水市,2022-03-23,520,319
丽水市,2022-03-24,327,238
丽水市,2022-03-25,173,121
丽水市,2022-03-26,135,103
丽水市,2022-03-27,216,172
丽水市,2022-03-28,87,34
丽水市,2022-03-29,490,323
丽水市,2022-03-30,310,231
丽水市,2022-03-31,163,118
丽水市,2022-04-01,158,66
丽水市,2022-04-02,83,35
丽水市,2022-04-03,56,34
丽水市,2022-04-04,26,10
丽水市,2022-04-06,279,147
丽水市,2022-04-07,62,44
丽水市,2022-04-08,71,45
丽水市,2022-04-09,163,123
丽水市,2022-04-10,103,96
丽水市,2022-04-11,200,83
丽水市,2022-04-12,181,123
丽水市,2022-04-13,182,153
丽水市,2022-04-14,267,226
丽水市,2022-04-15,47,15
丽水市,2022-04-18,86,56
丽水市,2022-04-19,70,50
丽水市,2022-04-20,232,140
丽水市,2022-04-21,157,126
丽水市,2022-04-22,216,130
丽水市,2022-04-23,92,67
丽水市,2022-04-24,11,10
丽水市,2022-04-25,2,2
丽水市,2022-04-26,36,4
丽水市,2022-04-27,81,66
丽水市,2022-04-28,28,21
丽水市,2022-04-29,185,123
丽水市,2022-04-30,172,156
丽水市,2022-05-01,1,0
丽水市,2022-05-02,1,0
丽水市,2022-05-04,118,96
丽水市,2022-05-05,368,115
丽水市,2022-05-06,175,155
丽水市,2022-05-07,135,100
丽水市,2022-05-08,47,41
丽水市,2022-05-09,100,58
丽水市,2022-05-10,190,99
丽水市,2022-05-11,89,60
丽水市,2022-05-12,108,68
丽水市,2022-05-13,15,12
丽水市,2022-05-14,3,1
丽水市,2022-05-15,32,28
丽水市,2022-05-16,8,5
丽水市,2022-05-17,91,75
丽水市,2022-05-18,85,60
丽水市,2022-05-19,110,98
丽水市,2022-05-20,86,57
丽水市,2022-05-21,204,147
丽水市,2022-05-22,127,108
丽水市,2022-05-24,170,99
丽水市,2022-05-25,110,53
丽水市,2022-05-26,87,3
丽水市,2022-05-27,169,60
丽水市,2022-05-28,22,20
丽水市,2022-05-29,35,13
丽水市,2022-05-30,32,26
丽水市,2022-05-31,158,117
丽水市,2022-06-01,58,34
丽水市,2022-06-02,170,54
丽水市,2022-06-04,22,19
丽水市,2022-06-05,14,0
丽水市,2022-06-06,137,80
丽水市,2022-06-07,133,15
丽水市,2022-06-08,24,17
丽水市,2022-06-09,51,41
丽水市,2022-06-10,80,55
丽水市,2022-06-11,205,166
丽水市,2022-06-12,310,115
丽水市,2022-06-13,43,14
丽水市,2022-06-14,208,146
丽水市,2022-06-15,276,138
丽水市,2022-06-16,45,34
丽水市,2022-06-17,163,136
丽水市,2022-06-18,45,30
丽水市,2022-06-19,106,76
丽水市,2022-06-21,3,2
丽水市,2022-06-22,126,84
丽水市,2022-06-23,131,105
丽水市,2022-06-24,44,7
丽水市,2022-06-25,53,2
丽水市,2022-06-27,2,1
丽水市,2022-06-28,19,8
丽水市,2022-06-29,27,16
丽水市,2022-07-01,8,8
丽水市,2022-07-02,176,135
丽水市,2022-07-03,179,27
丽水市,2022-07-04,258,144
丽水市,2022-07-05,177,119
丽水市,2022-07-06,386,115
丽水市,2022-07-07,190,123
丽水市,2022-07-08,163,119
丽水市,2022-07-09,36,31
丽水市,2022-07-10,20,13
丽水市,2022-07-11,105,95
丽水市,2022-07-12,68,52
丽水市,2022-07-13,113,81
丽水市,2022-07-14,232,154
丽水市,2022-07-15,46,29
丽水市,2022-07-16,71,63
丽水市,2022-07-17,82,70
丽水市,2022-07-18,7,3
丽水市,2022-07-19,6,4
丽水市,2022-07-20,8,8
丽水市,2022-07-21,81,21
丽水市,2022-07-22,64,47
丽水市,2022-07-23,14,13
丽水市,2022-07-24,1,1
丽水市,2022-07-25,50,18
丽水市,2022-07-26,8,2
丽水市,2022-07-27,211,69
丽水市,2022-07-28,169,125
丽水市,2022-07-29,128,102
丽水市,2022-07-30,127,102
丽水市,2022-07-31,37,35
丽水市,2022-08-01,7,3
丽水市,2022-08-02,40,20
丽水市,2022-08-03,68,37
丽水市,2022-08-04,128,93
丽水市,2022-08-05,60,36
丽水市,2022-08-06,113,80
丽水市,2022-08-07,3,3
丽水市,2022-08-08,28,15
丽水市,2022-08-09,161,131
丽水市,2022-08-10,76,63
丽水市,2022-08-11,154,133
丽水市,2022-08-12,100,64
丽水市,2022-08-13,227,151
丽水市,2022-08-14,105,80
丽水市,2022-08-15,61,52
丽水市,2022-08-16,32,27
丽水市,2022-08-17,56,49
丽水市,2022-08-18,33,24
丽水市,2022-08-19,37,16
丽水市,2022-08-20,94,74
丽水市,2022-08-21,45,25
丽水市,2022-08-22,14,6
丽水市,2022-08-23,30,3
丽水市,2022-08-24,73,52
丽水市,2022-08-25,49,27
丽水市,2022-08-26,34,16
丽水市,2022-08-27,63,24
丽水市,2022-08-29,67,65
丽水市,2022-08-30,101,56
丽水市,2022-08-31,128,74
丽水市,2022-09-01,38,23
丽水市,2022-09-02,168,127
丽水市,2022-09-03,38,24
丽水市,2022-09-04,34,13
丽水市,2022-09-05,237,58
丽水市,2022-09-06,122,54
丽水市,2022-09-07,60,47
丽水市,2022-09-08,56,46
丽水市,2022-09-09,222,173
丽水市,2022-09-10,8,6
丽水市,2022-09-12,67,46
丽水市,2022-09-13,255,155
丽水市,2022-09-14,170,92
丽水市,2022-09-15,64,40
丽水市,2022-09-16,49,30
丽水市,2022-09-17,98,70
丽水市,2022-09-18,345,240
丽水市,2022-09-19,127,110
丽水市,2022-09-20,225,129
丽水市,2022-09-21,87,75
丽水市,2022-09-22,156,142
丽水市,2022-09-23,53,37
丽水市,2022-09-24,46,38
丽水市,2022-09-25,12,10
丽水市,2022-09-26,55,37
丽水市,2022-09-27,27,16
丽水市,2022-09-28,126,108
丽水市,2022-09-29,218,191
丽水市,2022-09-30,46,40
丽水市,2022-10-05,74,63
丽水市,2022-10-06,27,23
丽水市,2022-10-07,16,14
丽水市,2022-10-08,276,249
丽水市,2022-10-09,56,42
丽水市,2022-10-10,41,37
丽水市,2022-10-11,76,64
丽水市,2022-10-12,20,14
丽水市,2022-10-13,8,6
丽水市,2022-10-14,6,0
丽水市,2022-10-15,353,189
丽水市,2022-10-16,24,19
丽水市,2022-10-18,10,9
丽水市,2022-10-19,88,62
丽水市,2022-10-20,142,100
丽水市,2022-10-21,46,39
丽水市,2022-10-22,122,61
丽水市,2022-10-23,8,3
丽水市,2022-10-25,41,31
丽水市,2022-10-26,125,109
丽水市,2022-10-27,59,47
丽水市,2022-10-28,78,67
丽水市,2022-10-29,90,75
丽水市,2022-10-30,241,155
丽水市,2022-10-31,53,41
丽水市,2022-11-01,44,34
丽水市,2022-11-02,23,13
丽水市,2022-11-03,9,3
丽水市,2022-11-04,13,12
丽水市,2022-11-07,6,4
丽水市,2022-11-08,21,4
丽水市,2022-11-09,42,38
丽水市,2022-11-11,7,6
丽水市,2022-11-12,4,4
丽水市,2022-11-14,114,48
丽水市,2022-11-15,82,52
台州市,2021-11-16,543,411
台州市,2021-11-17,1241,905
台州市,2021-11-18,851,530
台州市,2021-11-19,450,189
台州市,2021-11-20,510,291
台州市,2021-11-21,365,308
台州市,2021-11-22,375,217
台州市,2021-11-23,913,644
台州市,2021-11-24,1778,1367
台州市,2021-11-25,758,610
台州市,2021-11-26,1031,792
台州市,2021-11-27,2141,1337
台州市,2021-11-28,1829,1204
台州市,2021-11-29,825,520
台州市,2021-11-30,2435,1902
台州市,2021-12-01,723,443
台州市,2021-12-02,448,276
台州市,2021-12-03,528,279
台州市,2021-12-04,389,241
台州市,2021-12-05,107,101
台州市,2021-12-06,231,124
台州市,2021-12-07,506,338
台州市,2021-12-08,816,636
台州市,2021-12-09,572,365
台州市,2021-12-10,464,316
台州市,2021-12-11,259,147
台州市,2021-12-12,271,238
台州市,2021-12-13,556,395
台州市,2021-12-14,621,481
台州市,2021-12-15,573,350
台州市,2021-12-16,374,107
台州市,2021-12-17,380,248
台州市,2021-12-18,282,218
台州市,2021-12-19,310,267
台州市,2021-12-20,305,187
台州市,2021-12-21,154,62
台州市,2021-12-22,196,105
台州市,2021-12-23,215,28
台州市,2021-12-24,162,93
台州市,2021-12-25,197,150
台州市,2021-12-26,236,57
台州市,2021-12-27,201,15
台州市,2021-12-28,850,471
台州市,2021-12-29,606,365
台州市,2021-12-30,464,332
台州市,2021-12-31,246,204
台州市,2022-01-01,17,1
台州市,2022-01-02,81,50
台州市,2022-01-03,234,160
台州市,2022-01-04,395,275
台州市,2022-01-05,201,160
台州市,2022-01-06,139,81
台州市,2022-01-07,77,26
台州市,2022-01-08,186,160
台州市,2022-01-09,113,106
台州市,2022-01-10,160,53
台州市,2022-01-11,162,103
台州市,2022-01-12,416,183
台州市,2022-01-13,981,194
台州市,2022-01-14,89,8
台州市,2022-01-15,278,211
台州市,2022-01-16,255,213
台州市,2022-01-17,53,23
台州市,2022-01-18,45,17
台州市,2022-01-19,273,186
台州市,2022-01-20,151,51
台州市,2022-01-21,95,52
台州市,2022-01-22,131,79
台州市,2022-01-23,4,4
台州市,2022-01-24,44,34
台州市,2022-01-25,33,20
台州市,2022-01-26,9,6
台州市,2022-01-27,2,1
台州市,2022-01-28,4,2
台州市,2022-01-29,2,2
台州市,2022-01-30,3,3
台州市,2022-02-07,1,0
台州市,2022-02-08,16,10
台州市,2022-02-09,35,22
台州市,2022-02-10,77,52
台州市,2022-02-11,735,414
台州市,2022-02-12,22,8
台州市,2022-02-13,91,81
台州市,2022-02-14,747,628
台州市,2022-02-15,70,53
台州市,2022-02-16,117,56
台州市,2022-02-17,246,105
台州市,2022-02-18,309,112
台州市,2022-02-19,109,87
台州市,2022-02-20,27,21
台州市,2022-02-21,361,232
台州市,2022-02-22,342,257
台州市,2022-02-23,310,196
台州市,2022-02-24,316,217
台州市,2022-02-25,286,183
台州市,2022-02-26,80,56
台州市,2022-02-27,121,108
台州市,2022-02-28,416,277
台州市,2022-03-01,386,316
台州市,2022-03-02,440,331
台州市,2022-03-03,309,196
台州市,2022-03-04,363,188
台州市,2022-03-05,90,46
台州市,2022-03-06,163,137
台州市,2022-03-07,376,216
台州市,2022-03-08,598,445
台州市,2022-03-09,688,417
台州市,2022-03-10,420,255
台州市,2022-03-11,1008,642
台州市,2022-03-12,719,441
台州市,2022-03-13,516,416
台州市,2022-03-14,813,265
台州市,2022-03-15,616,466
台州市,2022-03-16,207,114
台州市,2022-03-17,763,423
台州市,2022-03-18,418,242
台州市,2022-03-19,384,198
台州市,2022-03-20,236,211
台州市,2022-03-21,331,208
台州市,2022-03-22,852,576
台州市,2022-03-23,321,239
台州市,2022-03-24,662,385
台州市,2022-03-25,411,285
台州市,2022-03-26,130,103
台州市,2022-03-27,299,102
台州市,2022-03-28,349,223
台州市,2022-03-29,807,425
台州市,2022-03-30,699,399
台州市,2022-03-31,2048,1245
台州市,2022-04-01,504,325
台州市,2022-04-02,717,350
台州市,2022-04-03,335,263
台州市,2022-04-04,201,46
台州市,2022-04-05,33,0
台州市,2022-04-06,1089,704
台州市,2022-04-07,619,324
台州市,2022-04-08,598,405
台州市,2022-04-09,523,377
台州市,2022-04-10,283,122
台州市,2022-04-11,310,181
台州市,2022-04-12,817,494
台州市,2022-04-13,827,518
台州市,2022-04-14,529,327
台州市,2022-04-15,589,462
台州市,2022-04-16,676,438
台州市,2022-04-17,288,228
台州市,2022-04-18,851,331
台州市,2022-04-19,458,292
台州市,2022-04-20,1100,728
台州市,2022-04-21,833,485
台州市,2022-04-22,1347,731
台州市,2022-04-23,435,360
台州市,2022-04-24,230,176
台州市,2022-04-25,604,485
台州市,2022-04-26,601,317
台州市,2022-04-27,593,365
台州市,2022-04-28,880,395
台州市,2022-04-29,622,324
台州市,2022-04-30,294,193
台州市,2022-05-01,23,9
台州市,2022-05-02,43,17
台州市,2022-05-03,49,23
台州市,2022-05-04,519,352
台州市,2022-05-05,596,315
台州市,2022-05-06,283,180
台州市,2022-05-07,372,204
台州市,2022-05-08,85,64
台州市,2022-05-09,1043,745
台州市,2022-05-10,738,372
台州市,2022-05-11,430,216
台州市,2022-05-12,869,495
台州市,2022-05-13,949,529
台州市,2022-05-14,390,135
台州市,2022-05-15,458,235
台州市,2022-05-16,1104,572
台州市,2022-05-17,1082,762
台州市,2022-05-18,1084,576
台州市,2022-05-19,663,273
台州市,2022-05-20,650,380
台州市,2022-05-21,690,492
台州市,2022-05-22,30,11
台州市,2022-05-23,799,462
台州市,2022-05-24,859,671
台州市,2022-05-25,901,670
台州市,2022-05-26,330,247
台州市,2022-05-27,720,554
台州市,2022-05-28,676,533
台州市,2022-05-29,97,52
台州市,2022-05-30,828,569
台州市,2022-05-31,1221,666
台州市,2022-06-01,1363,741
台州市,2022-06-02,754,538
台州市,2022-06-03,75,75
台州市,2022-06-04,398,299
台州市,2022-06-05,109,72
台州市,2022-06-06,1157,780
台州市,2022-06-07,1130,618
台州市,2022-06-08,911,639
台州市,2022-06-09,592,311
台州市,2022-06-10,997,663
台州市,2022-06-11,707,530
台州市,2022-06-12,316,237
台州市,2022-06-13,847,583
台州市,2022-06-14,960,714
台州市,2022-06-15,805,457
台州市,2022-06-16,603,393
台州市,2022-06-17,799,573
台州市,2022-06-18,555,439
台州市,2022-06-19,131,89
台州市,2022-06-20,575,482
台州市,2022-06-21,773,655
台州市,2022-06-22,816,543
台州市,2022-06-23,850,519
台州市,2022-06-24,622,439
台州市,2022-06-25,403,265
台州市,2022-06-26,36,28
台州市,2022-06-27,814,482
台州市,2022-06-28,550,403
台州市,2022-06-29,1070,540
台州市,2022-06-30,383,237
台州市,2022-07-01,629,355
台州市,2022-07-02,776,565
台州市,2022-07-03,181,139
台州市,2022-07-04,715,442
台州市,2022-07-05,552,376
台州市,2022-07-06,1664,1063
台州市,2022-07-07,1053,643
台州市,2022-07-08,969,532
台州市,2022-07-09,854,611
台州市,2022-07-10,108,92
台州市,2022-07-11,660,372
台州市,2022-07-12,667,402
台州市,2022-07-13,902,659
台州市,2022-07-14,300,203
台州市,2022-07-15,399,199
台州市,2022-07-16,395,314
台州市,2022-07-17,48,41
台州市,2022-07-18,838,493
台州市,2022-07-19,738,559
台州市,2022-07-20,478,369
台州市,2022-07-21,538,377
台州市,2022-07-22,594,390
台州市,2022-07-23,554,358
台州市,2022-07-24,4,3
台州市,2022-07-25,802,534
台州市,2022-07-26,332,184
台州市,2022-07-27,421,348
台州市,2022-07-28,609,454
台州市,2022-07-29,448,327
台州市,2022-07-30,595,413
台州市,2022-07-31,227,116
台州市,2022-08-01,1325,298
台州市,2022-08-02,736,504
台州市,2022-08-03,844,454
台州市,2022-08-04,346,256
台州市,2022-08-05,517,371
台州市,2022-08-06,554,399
台州市,2022-08-07,62,50
台州市,2022-08-08,254,170
台州市,2022-08-09,765,556
台州市,2022-08-10,1145,755
台州市,2022-08-11,565,295
台州市,2022-08-12,479,354
台州市,2022-08-13,1224,830
台州市,2022-08-14,52,48
台州市,2022-08-15,327,214
台州市,2022-08-16,472,284
台州市,2022-08-17,419,248
台州市,2022-08-18,420,216
台州市,2022-08-19,244,163
台州市,2022-08-20,606,477
台州市,2022-08-21,356,305
台州市,2022-08-22,564,437
台州市,2022-08-23,649,491
台州市,2022-08-24,726,538
台州市,2022-08-25,156,91
台州市,2022-08-26,249,137
台州市,2022-08-27,441,377
台州市,2022-08-28,286,237
台州市,2022-08-29,630,409
台州市,2022-08-30,524,358
台州市,2022-08-31,405,252
台州市,2022-09-01,798,437
台州市,2022-09-02,1020,769
台州市,2022-09-03,555,415
台州市,2022-09-04,92,79
台州市,2022-09-05,301,179
台州市,2022-09-06,768,500
台州市,2022-09-07,301,243
台州市,2022-09-08,647,528
台州市,2022-09-09,572,447
台州市,2022-09-10,7,5
台州市,2022-09-11,177,163
台州市,2022-09-12,329,248
台州市,2022-09-13,421,313
台州市,2022-09-14,452,390
台州市,2022-09-15,390,272
台州市,2022-09-16,747,441
台州市,2022-09-17,237,189
台州市,2022-09-18,147,122
台州市,2022-09-19,1113,767
台州市,2022-09-20,521,403
台州市,2022-09-21,435,181
台州市,2022-09-22,655,511
台州市,2022-09-23,590,320
台州市,2022-09-24,674,457
台州市,2022-09-25,164,150
台州市,2022-09-26,829,543
台州市,2022-09-27,679,570
台州市,2022-09-28,695,601
台州市,2022-09-29,690,505
台州市,2022-09-30,1988,1474
台州市,2022-10-01,51,50
台州市,2022-10-02,165,137
台州市,2022-10-03,124,110
台州市,2022-10-04,144,129
台州市,2022-10-05,375,278
台州市,2022-10-06,596,394
台州市,2022-10-07,417,262
台州市,2022-10-08,334,194
台州市,2022-10-09,169,149
台州市,2022-10-10,731,509
台州市,2022-10-11,537,340
台州市,2022-10-12,550,373
台州市,2022-10-13,1052,649
台州市,2022-10-14,760,484
台州市,2022-10-15,288,181
台州市,2022-10-16,807,652
台州市,2022-10-17,341,214
台州市,2022-10-18,407,283
台州市,2022-10-19,334,197
台州市,2022-10-20,1084,686
台州市,2022-10-21,501,389
台州市,2022-10-22,467,360
台州市,2022-10-23,275,242
台州市,2022-10-24,543,383
台州市,2022-10-25,622,503
台州市,2022-10-26,566,395
台州市,2022-10-27,1767,1179
台州市,2022-10-28,737,540
台州市,2022-10-29,611,566
台州市,2022-10-30,127,124
台州市,2022-10-31,879,611
台州市,2022-11-01,532,474
台州市,2022-11-02,667,573
台州市,2022-11-03,519,343
台州市,2022-11-04,940,766
台州市,2022-11-05,536,466
台州市,2022-11-06,142,134
台州市,2022-11-07,844,545
台州市,2022-11-08,500,403
台州市,2022-11-09,617,420
台州市,2022-11-10,1226,853
台州市,2022-11-11,320,206
台州市,2022-11-12,219,194
台州市,2022-11-13,273,267
台州市,2022-11-14,549,411
台州市,2022-11-15,790,685
嘉兴市,2021-11-16,1436,484
嘉兴市,2021-11-17,1890,735
嘉兴市,2021-11-18,868,326
嘉兴市,2021-11-19,1896,981
嘉兴市,2021-11-20,906,210
嘉兴市,2021-11-21,792,333
嘉兴市,2021-11-22,1194,511
嘉兴市,2021-11-23,1836,1061
嘉兴市,2021-11-24,845,358
嘉兴市,2021-11-25,2550,803
嘉兴市,2021-11-26,1008,470
嘉兴市,2021-11-27,488,163
嘉兴市,2021-11-28,2190,1545
嘉兴市,2021-11-29,865,267
嘉兴市,2021-11-30,979,370
嘉兴市,2021-12-01,1303,431
嘉兴市,2021-12-02,1308,438
嘉兴市,2021-12-03,780,219
嘉兴市,2021-12-04,1054,120
嘉兴市,2021-12-05,600,163
嘉兴市,2021-12-06,1213,608
嘉兴市,2021-12-07,1293,368
嘉兴市,2021-12-08,2115,835
嘉兴市,2021-12-09,1583,666
嘉兴市,2021-12-10,1497,556
嘉兴市,2021-12-11,699,204
嘉兴市,2021-12-12,574,151
嘉兴市,2021-12-13,1310,622
嘉兴市,2021-12-14,928,385
嘉兴市,2021-12-15,1911,831
嘉兴市,2021-12-16,1033,443
嘉兴市,2021-12-17,1196,451
嘉兴市,2021-12-18,819,329
嘉兴市,2021-12-19,762,138
嘉兴市,2021-12-20,1176,544
嘉兴市,2021-12-21,958,288
嘉兴市,2021-12-22,2350,1187
嘉兴市,2021-12-23,1860,595
嘉兴市,2021-12-24,1047,254
嘉兴市,2021-12-25,872,140
嘉兴市,2021-12-26,527,125
嘉兴市,2021-12-27,1100,571
嘉兴市,2021-12-28,1551,537
嘉兴市,2021-12-29,1326,513
嘉兴市,2021-12-30,1020,360
嘉兴市,2021-12-31,693,182
嘉兴市,2022-01-01,251,30
嘉兴市,2022-01-02,543,132
嘉兴市,2022-01-03,639,165
嘉兴市,2022-01-04,1009,369
嘉兴市,2022-01-05,847,282
嘉兴市,2022-01-06,456,282
嘉兴市,2022-01-07,479,144
嘉兴市,2022-01-08,352,132
嘉兴市,2022-01-09,161,30
嘉兴市,2022-01-10,665,308
嘉兴市,2022-01-11,374,104
嘉兴市,2022-01-12,728,199
嘉兴市,2022-01-13,358,108
嘉兴市,2022-01-14,601,143
嘉兴市,2022-01-15,366,87
嘉兴市,2022-01-16,243,22
嘉兴市,2022-01-17,688,256
嘉兴市,2022-01-18,477,219
嘉兴市,2022-01-19,367,69
嘉兴市,2022-01-20,351,69
嘉兴市,2022-01-21,200,15
嘉兴市,2022-01-22,264,26
嘉兴市,2022-01-23,100,36
嘉兴市,2022-01-24,218,173
嘉兴市,2022-01-25,154,39
嘉兴市,2022-01-26,73,9
嘉兴市,2022-01-27,83,26
嘉兴市,2022-01-28,41,15
嘉兴市,2022-01-29,11,8
嘉兴市,2022-01-30,54,8
嘉兴市,2022-02-03,10,0
嘉兴市,2022-02-04,4,1
嘉兴市,2022-02-06,4,2
嘉兴市,2022-02-07,77,27
嘉兴市,2022-02-08,160,27
嘉兴市,2022-02-09,382,44
嘉兴市,2022-02-10,447,85
嘉兴市,2022-02-11,664,141
嘉兴市,2022-02-12,597,106
嘉兴市,2022-02-13,592,141
嘉兴市,2022-02-14,1227,327
嘉兴市,2022-02-15,1201,275
嘉兴市,2022-02-16,1072,403
嘉兴市,2022-02-17,598,326
嘉兴市,2022-02-18,564,254
嘉兴市,2022-02-19,805,288
嘉兴市,2022-02-20,554,87
嘉兴市,2022-02-21,1080,357
嘉兴市,2022-02-22,996,354
嘉兴市,2022-02-23,988,276
嘉兴市,2022-02-24,1117,280
嘉兴市,2022-02-25,996,346
嘉兴市,2022-02-26,1175,337
嘉兴市,2022-02-27,914,250
嘉兴市,2022-02-28,860,311
嘉兴市,2022-03-01,942,329
嘉兴市,2022-03-02,1213,357
嘉兴市,2022-03-03,1246,369
嘉兴市,2022-03-04,908,207
嘉兴市,2022-03-05,673,250
嘉兴市,2022-03-06,590,89
嘉兴市,2022-03-07,854,290
嘉兴市,2022-03-08,678,198
嘉兴市,2022-03-09,742,298
嘉兴市,2022-03-10,871,319
嘉兴市,2022-03-11,688,157
嘉兴市,2022-03-12,459,115
嘉兴市,2022-03-13,665,151
嘉兴市,2022-03-14,553,223
嘉兴市,2022-03-15,585,141
嘉兴市,2022-03-16,921,267
嘉兴市,2022-03-17,677,183
嘉兴市,2022-03-18,833,404
嘉兴市,2022-03-19,586,294
嘉兴市,2022-03-20,399,96
嘉兴市,2022-03-21,434,197
嘉兴市,2022-03-22,769,395
嘉兴市,2022-03-23,368,84
嘉兴市,2022-03-24,835,356
嘉兴市,2022-03-25,426,102
嘉兴市,2022-03-26,299,141
嘉兴市,2022-03-27,167,83
嘉兴市,2022-03-28,408,75
嘉兴市,2022-03-29,481,238
嘉兴市,2022-03-30,545,269
嘉兴市,2022-03-31,443,109
嘉兴市,2022-04-01,750,258
嘉兴市,2022-04-02,578,136
嘉兴市,2022-04-03,230,46
嘉兴市,2022-04-04,369,105
嘉兴市,2022-04-05,417,70
嘉兴市,2022-04-06,405,140
嘉兴市,2022-04-07,487,248
嘉兴市,2022-04-08,373,144
嘉兴市,2022-04-09,253,93
嘉兴市,2022-04-10,174,0
嘉兴市,2022-04-11,368,183
嘉兴市,2022-04-12,587,302
嘉兴市,2022-04-13,288,124
嘉兴市,2022-04-14,232,85
嘉兴市,2022-04-15,286,104
嘉兴市,2022-04-16,350,88
嘉兴市,2022-04-17,137,6
嘉兴市,2022-04-18,683,314
嘉兴市,2022-04-19,643,147
嘉兴市,2022-04-20,743,124
嘉兴市,2022-04-21,381,74
嘉兴市,2022-04-22,414,181
嘉兴市,2022-04-23,628,134
嘉兴市,2022-04-24,432,18
嘉兴市,2022-04-25,820,184
嘉兴市,2022-04-26,1142,248
嘉兴市,2022-04-27,915,179
嘉兴市,2022-04-28,665,178
嘉兴市,2022-04-29,582,201
嘉兴市,2022-04-30,666,177
嘉兴市,2022-05-01,389,53
嘉兴市,2022-05-02,999,93
嘉兴市,2022-05-03,829,431
嘉兴市,2022-05-04,596,180
嘉兴市,2022-05-05,480,135
嘉兴市,2022-05-06,326,121
嘉兴市,2022-05-07,344,66
嘉兴市,2022-05-08,85,73
嘉兴市,2022-05-09,526,58
嘉兴市,2022-05-10,335,97
嘉兴市,2022-05-11,606,160
嘉兴市,2022-05-12,397,148
嘉兴市,2022-05-13,950,507
嘉兴市,2022-05-14,538,256
嘉兴市,2022-05-15,548,25
嘉兴市,2022-05-16,1474,748
嘉兴市,2022-05-17,663,208
嘉兴市,2022-05-18,1003,394
嘉兴市,2022-05-19,601,199
嘉兴市,2022-05-20,1008,378
嘉兴市,2022-05-21,781,277
嘉兴市,2022-05-22,440,147
嘉兴市,2022-05-23,901,412
嘉兴市,2022-05-24,955,304
嘉兴市,2022-05-25,1064,423
嘉兴市,2022-05-26,1078,408
嘉兴市,2022-05-27,1220,304
嘉兴市,2022-05-28,860,227
嘉兴市,2022-05-29,893,217
嘉兴市,2022-05-30,1264,340
嘉兴市,2022-05-31,1083,366
嘉兴市,2022-06-01,924,316
嘉兴市,2022-06-02,1226,476
嘉兴市,2022-06-03,610,192
嘉兴市,2022-06-04,1957,969
嘉兴市,2022-06-05,742,231
嘉兴市,2022-06-06,1285,482
嘉兴市,2022-06-07,1071,340
嘉兴市,2022-06-08,986,266
嘉兴市,2022-06-09,951,278
嘉兴市,2022-06-10,940,193
嘉兴市,2022-06-11,978,163
嘉兴市,2022-06-12,619,33
嘉兴市,2022-06-13,1277,547
嘉兴市,2022-06-14,964,340
嘉兴市,2022-06-15,1168,420
嘉兴市,2022-06-16,950,423
嘉兴市,2022-06-17,1154,376
嘉兴市,2022-06-18,1040,295
嘉兴市,2022-06-19,435,110
嘉兴市,2022-06-20,1247,396
嘉兴市,2022-06-21,944,321
嘉兴市,2022-06-22,939,463
嘉兴市,2022-06-23,1560,665
嘉兴市,2022-06-24,1286,111
嘉兴市,2022-06-25,793,166
嘉兴市,2022-06-26,727,90
嘉兴市,2022-06-27,1418,493
嘉兴市,2022-06-28,1193,107
嘉兴市,2022-06-29,1008,158
嘉兴市,2022-06-30,1280,569
嘉兴市,2022-07-01,2043,982
嘉兴市,2022-07-02,521,183
嘉兴市,2022-07-03,802,343
嘉兴市,2022-07-04,1008,492
嘉兴市,2022-07-05,939,407
嘉兴市,2022-07-06,1102,536
嘉兴市,2022-07-07,1075,393
嘉兴市,2022-07-08,1055,460
嘉兴市,2022-07-09,1027,385
嘉兴市,2022-07-10,664,222
嘉兴市,2022-07-11,1213,352
嘉兴市,2022-07-12,1405,552
嘉兴市,2022-07-13,936,326
嘉兴市,2022-07-14,1176,365
嘉兴市,2022-07-15,825,233
嘉兴市,2022-07-16,1076,563
嘉兴市,2022-07-17,356,141
嘉兴市,2022-07-18,1260,603
嘉兴市,2022-07-19,1171,551
嘉兴市,2022-07-20,1284,582
嘉兴市,2022-07-21,1107,519
嘉兴市,2022-07-22,1015,304
嘉兴市,2022-07-23,961,255
嘉兴市,2022-07-24,468,31
嘉兴市,2022-07-25,1042,368
嘉兴市,2022-07-26,666,300
嘉兴市,2022-07-27,983,202
嘉兴市,2022-07-28,3171,511
嘉兴市,2022-07-29,1125,344
嘉兴市,2022-07-30,1132,254
嘉兴市,2022-07-31,1541,434
嘉兴市,2022-08-01,1814,620
嘉兴市,2022-08-02,1146,403
嘉兴市,2022-08-03,1496,573
嘉兴市,2022-08-04,1493,567
嘉兴市,2022-08-05,1144,276
嘉兴市,2022-08-06,943,303
嘉兴市,2022-08-07,559,237
嘉兴市,2022-08-08,968,233
嘉兴市,2022-08-09,1339,544
嘉兴市,2022-08-10,1271,692
嘉兴市,2022-08-11,1198,429
嘉兴市,2022-08-12,1486,738
嘉兴市,2022-08-13,808,224
嘉兴市,2022-08-14,551,250
嘉兴市,2022-08-15,1240,600
嘉兴市,2022-08-16,1118,524
嘉兴市,2022-08-17,996,380
嘉兴市,2022-08-18,866,346
嘉兴市,2022-08-19,1187,393
嘉兴市,2022-08-20,748,262
嘉兴市,2022-08-21,582,177
嘉兴市,2022-08-22,1147,267
嘉兴市,2022-08-23,941,246
嘉兴市,2022-08-24,1198,558
嘉兴市,2022-08-25,1581,801
嘉兴市,2022-08-26,1119,534
嘉兴市,2022-08-27,756,262
嘉兴市,2022-08-28,675,154
嘉兴市,2022-08-29,1724,868
嘉兴市,2022-08-30,1222,296
嘉兴市,2022-08-31,774,323
嘉兴市,2022-09-01,1220,594
嘉兴市,2022-09-02,907,274
嘉兴市,2022-09-03,956,330
嘉兴市,2022-09-04,458,133
嘉兴市,2022-09-05,836,311
嘉兴市,2022-09-06,1293,411
嘉兴市,2022-09-07,832,223
嘉兴市,2022-09-08,847,275
嘉兴市,2022-09-09,1033,371
嘉兴市,2022-09-10,415,25
嘉兴市,2022-09-11,444,95
嘉兴市,2022-09-12,986,112
嘉兴市,2022-09-13,1169,257
嘉兴市,2022-09-14,914,280
嘉兴市,2022-09-15,752,286
嘉兴市,2022-09-16,874,300
嘉兴市,2022-09-17,1066,250
嘉兴市,2022-09-18,735,154
嘉兴市,2022-09-19,949,320
嘉兴市,2022-09-20,1032,230
嘉兴市,2022-09-21,1449,631
嘉兴市,2022-09-22,1380,520
嘉兴市,2022-09-23,692,258
嘉兴市,2022-09-24,472,106
嘉兴市,2022-09-25,822,184
嘉兴市,2022-09-26,779,148
嘉兴市,2022-09-27,1221,219
嘉兴市,2022-09-28,1864,521
嘉兴市,2022-09-29,994,291
嘉兴市,2022-09-30,809,165
嘉兴市,2022-10-01,350,6
嘉兴市,2022-10-02,277,93
嘉兴市,2022-10-03,336,66
嘉兴市,2022-10-04,746,296
嘉兴市,2022-10-05,710,189
嘉兴市,2022-10-06,179,90
嘉兴市,2022-10-07,577,184
嘉兴市,2022-10-08,704,170
嘉兴市,2022-10-09,530,120
嘉兴市,2022-10-10,719,304
嘉兴市,2022-10-11,1013,555
嘉兴市,2022-10-12,936,287
嘉兴市,2022-10-13,1306,420
嘉兴市,2022-10-14,1194,218
嘉兴市,2022-10-15,1101,332
嘉兴市,2022-10-16,539,101
嘉兴市,2022-10-17,1062,359
嘉兴市,2022-10-18,1180,337
嘉兴市,2022-10-19,794,256
嘉兴市,2022-10-20,563,131
嘉兴市,2022-10-21,1166,517
嘉兴市,2022-10-22,408,113
嘉兴市,2022-10-23,812,99
嘉兴市,2022-10-24,1249,416
嘉兴市,2022-10-25,3783,2668
嘉兴市,2022-10-26,948,195
嘉兴市,2022-10-27,965,363
嘉兴市,2022-10-28,662,237
嘉兴市,2022-10-29,511,230
嘉兴市,2022-10-30,465,158
嘉兴市,2022-10-31,1089,378
嘉兴市,2022-11-01,1139,466
嘉兴市,2022-11-02,756,147
嘉兴市,2022-11-03,534,199
嘉兴市,2022-11-04,920,331
嘉兴市,2022-11-05,636,205
嘉兴市,2022-11-06,338,138
嘉兴市,2022-11-07,821,532
嘉兴市,2022-11-08,628,198
嘉兴市,2022-11-09,597,239
嘉兴市,2022-11-10,759,465
嘉兴市,2022-11-11,647,293
嘉兴市,2022-11-12,545,136
嘉兴市,2022-11-13,449,49
嘉兴市,2022-11-14,1300,519
嘉兴市,2022-11-15,611,283
宁波市,2021-11-16,1515,819
宁波市,2021-11-17,892,626
宁波市,2021-11-18,675,426
宁波市,2021-11-19,1040,790
宁波市,2021-11-20,525,386
宁波市,2021-11-21,286,223
宁波市,2021-11-22,1026,801
宁波市,2021-11-23,1474,707
宁波市,2021-11-24,1363,842
宁波市,2021-11-25,1169,912
宁波市,2021-11-26,604,357
宁波市,2021-11-27,1223,1048
宁波市,2021-11-28,429,344
宁波市,2021-11-29,863,601
宁波市,2021-11-30,2471,1920
宁波市,2021-12-01,777,567
宁波市,2021-12-02,1409,1217
宁波市,2021-12-03,1001,801
宁波市,2021-12-04,600,420
宁波市,2021-12-05,517,426
宁波市,2021-12-06,954,790
宁波市,2021-12-07,832,561
宁波市,2021-12-08,962,652
宁波市,2021-12-09,751,490
宁波市,2021-12-10,640,530
宁波市,2021-12-11,289,240
宁波市,2021-12-12,292,219
宁波市,2021-12-13,851,620
宁波市,2021-12-14,834,638
宁波市,2021-12-15,823,581
宁波市,2021-12-16,882,733
宁波市,2021-12-17,730,566
宁波市,2021-12-18,746,648
宁波市,2021-12-19,477,233
宁波市,2021-12-20,818,491
宁波市,2021-12-21,1272,852
宁波市,2021-12-22,935,693
宁波市,2021-12-23,444,325
宁波市,2021-12-24,721,326
宁波市,2021-12-25,1062,485
宁波市,2021-12-26,383,349
宁波市,2021-12-27,506,303
宁波市,2021-12-28,895,580
宁波市,2021-12-29,732,540
宁波市,2021-12-30,934,747
宁波市,2021-12-31,672,480
宁波市,2022-01-01,7,7
宁波市,2022-01-02,1,1
宁波市,2022-01-03,255,254
宁波市,2022-01-04,541,395
宁波市,2022-01-05,638,233
宁波市,2022-01-06,297,220
宁波市,2022-01-07,482,164
宁波市,2022-01-08,452,114
宁波市,2022-01-09,62,34
宁波市,2022-01-10,590,231
宁波市,2022-01-11,236,103
宁波市,2022-01-12,951,248
宁波市,2022-01-13,1094,365
宁波市,2022-01-14,490,221
宁波市,2022-01-15,475,24
宁波市,2022-01-16,11,10
宁波市,2022-01-17,489,353
宁波市,2022-01-18,222,158
宁波市,2022-01-19,228,110
宁波市,2022-01-20,365,265
宁波市,2022-01-21,266,229
宁波市,2022-01-22,273,190
宁波市,2022-01-23,6,6
宁波市,2022-01-24,144,111
宁波市,2022-01-25,95,71
宁波市,2022-01-26,87,77
宁波市,2022-01-27,89,58
宁波市,2022-01-28,5,5
宁波市,2022-01-29,17,8
宁波市,2022-01-30,11,7
宁波市,2022-02-06,1,1
宁波市,2022-02-07,95,67
宁波市,2022-02-08,311,271
宁波市,2022-02-09,413,369
宁波市,2022-02-10,403,347
宁波市,2022-02-11,418,375
宁波市,2022-02-12,180,156
宁波市,2022-02-13,249,237
宁波市,2022-02-14,659,520
宁波市,2022-02-15,633,516
宁波市,2022-02-16,581,518
宁波市,2022-02-17,476,413
宁波市,2022-02-18,633,509
宁波市,2022-02-19,190,152
宁波市,2022-02-20,249,217
宁波市,2022-02-21,891,649
宁波市,2022-02-22,1115,946
宁波市,2022-02-23,677,547
宁波市,2022-02-24,822,671
宁波市,2022-02-25,694,441
宁波市,2022-02-26,327,282
宁波市,2022-02-27,585,490
宁波市,2022-02-28,918,554
宁波市,2022-03-01,1226,907
宁波市,2022-03-02,786,602
宁波市,2022-03-03,1248,926
宁波市,2022-03-04,750,543
宁波市,2022-03-05,353,223
宁波市,2022-03-06,381,318
宁波市,2022-03-07,1031,757
宁波市,2022-03-08,717,522
宁波市,2022-03-09,1072,801
宁波市,2022-03-10,543,387
宁波市,2022-03-11,483,333
宁波市,2022-03-12,394,267
宁波市,2022-03-13,168,156
宁波市,2022-03-14,841,401
宁波市,2022-03-15,711,557
宁波市,2022-03-16,592,341
宁波市,2022-03-17,570,332
宁波市,2022-03-18,575,430
宁波市,2022-03-19,404,263
宁波市,2022-03-20,396,352
宁波市,2022-03-21,475,362
宁波市,2022-03-22,889,542
宁波市,2022-03-23,558,436
宁波市,2022-03-24,675,365
宁波市,2022-03-25,504,313
宁波市,2022-03-26,480,334
宁波市,2022-03-27,586,441
宁波市,2022-03-28,556,317
宁波市,2022-03-29,846,533
宁波市,2022-03-30,1068,522
宁波市,2022-03-31,498,335
宁波市,2022-04-01,534,295
宁波市,2022-04-02,496,250
宁波市,2022-04-03,471,277
宁波市,2022-04-04,94,51
宁波市,2022-04-05,289,228
宁波市,2022-04-06,850,598
宁波市,2022-04-07,698,379
宁波市,2022-04-08,763,470
宁波市,2022-04-09,175,92
宁波市,2022-04-10,313,265
宁波市,2022-04-11,894,409
宁波市,2022-04-12,581,324
宁波市,2022-04-13,253,180
宁波市,2022-04-14,339,179
宁波市,2022-04-15,1240,310
宁波市,2022-04-16,470,193
宁波市,2022-04-17,228,193
宁波市,2022-04-18,615,240
宁波市,2022-04-19,848,295
宁波市,2022-04-20,353,219
宁波市,2022-04-21,469,235
宁波市,2022-04-22,1381,465
宁波市,2022-04-23,402,258
宁波市,2022-04-24,216,181
宁波市,2022-04-25,902,342
宁波市,2022-04-26,706,509
宁波市,2022-04-27,841,377
宁波市,2022-04-28,764,465
宁波市,2022-04-29,1055,476
宁波市,2022-04-30,338,105
宁波市,2022-05-01,178,138
宁波市,2022-05-02,254,205
宁波市,2022-05-03,196,150
宁波市,2022-05-04,756,197
宁波市,2022-05-05,514,362
宁波市,2022-05-06,657,481
宁波市,2022-05-07,477,372
宁波市,2022-05-08,140,108
宁波市,2022-05-09,406,322
宁波市,2022-05-10,911,568
宁波市,2022-05-11,459,366
宁波市,2022-05-12,714,405
宁波市,2022-05-13,1090,769
宁波市,2022-05-14,479,299
宁波市,2022-05-15,217,129
宁波市,2022-05-16,853,461
宁波市,2022-05-17,1321,1011
宁波市,2022-05-18,1191,670
宁波市,2022-05-19,901,544
宁波市,2022-05-20,1434,648
宁波市,2022-05-21,543,327
宁波市,2022-05-22,228,151
宁波市,2022-05-23,686,470
宁波市,2022-05-24,625,460
宁波市,2022-05-25,1098,737
宁波市,2022-05-26,1029,728
宁波市,2022-05-27,1316,698
宁波市,2022-05-28,960,341
宁波市,2022-05-29,577,516
宁波市,2022-05-30,3132,1302
宁波市,2022-05-31,2187,1667
宁波市,2022-06-01,1476,768
宁波市,2022-06-02,1894,1448
宁波市,2022-06-03,287,138
宁波市,2022-06-04,483,222
宁波市,2022-06-05,2020,1487
宁波市,2022-06-06,1474,872
宁波市,2022-06-07,1726,1164
宁波市,2022-06-08,2435,1544
宁波市,2022-06-09,3652,2304
宁波市,2022-06-10,3055,1724
宁波市,2022-06-11,2153,1204
宁波市,2022-06-12,3217,894
宁波市,2022-06-13,6128,1159
宁波市,2022-06-14,1976,821
宁波市,2022-06-15,1289,700
宁波市,2022-06-16,1533,755
宁波市,2022-06-17,1236,859
宁波市,2022-06-18,354,175
宁波市,2022-06-19,409,334
宁波市,2022-06-20,1336,775
宁波市,2022-06-21,1267,753
宁波市,2022-06-22,896,542
宁波市,2022-06-23,1182,459
宁波市,2022-06-24,2072,652
宁波市,2022-06-25,2023,326
宁波市,2022-06-26,457,416
宁波市,2022-06-27,1312,732
宁波市,2022-06-28,1186,763
宁波市,2022-06-29,1167,586
宁波市,2022-06-30,733,563
宁波市,2022-07-01,771,431
宁波市,2022-07-02,347,182
宁波市,2022-07-03,215,168
宁波市,2022-07-04,947,573
宁波市,2022-07-05,1131,782
宁波市,2022-07-06,1018,681
宁波市,2022-07-07,1240,558
宁波市,2022-07-08,736,515
宁波市,2022-07-09,653,395
宁波市,2022-07-10,185,157
宁波市,2022-07-11,1093,522
宁波市,2022-07-12,790,587
宁波市,2022-07-13,1450,1164
宁波市,2022-07-14,1107,666
宁波市,2022-07-15,615,474
宁波市,2022-07-16,511,267
宁波市,2022-07-17,351,280
宁波市,2022-07-18,1068,508
宁波市,2022-07-19,1169,856
宁波市,2022-07-20,1377,1024
宁波市,2022-07-21,1086,877
宁波市,2022-07-22,900,615
宁波市,2022-07-23,530,336
宁波市,2022-07-24,205,175
宁波市,2022-07-25,612,485
宁波市,2022-07-26,1279,695
宁波市,2022-07-27,1166,877
宁波市,2022-07-28,779,591
宁波市,2022-07-29,1355,867
宁波市,2022-07-30,362,300
宁波市,2022-07-31,170,158
宁波市,2022-08-01,933,598
宁波市,2022-08-02,1406,826
宁波市,2022-08-03,927,435
宁波市,2022-08-04,585,373
宁波市,2022-08-05,879,459
宁波市,2022-08-06,170,152
宁波市,2022-08-07,518,448
宁波市,2022-08-08,1216,691
宁波市,2022-08-09,707,442
宁波市,2022-08-10,735,521
宁波市,2022-08-11,614,486
宁波市,2022-08-12,365,290
宁波市,2022-08-13,208,147
宁波市,2022-08-14,163,146
宁波市,2022-08-15,1013,576
宁波市,2022-08-16,1181,514
宁波市,2022-08-17,358,273
宁波市,2022-08-18,1053,726
宁波市,2022-08-19,716,408
宁波市,2022-08-20,712,557
宁波市,2022-08-21,116,96
宁波市,2022-08-22,1074,557
宁波市,2022-08-23,1234,313
宁波市,2022-08-24,2681,671
宁波市,2022-08-25,690,505
宁波市,2022-08-26,884,522
宁波市,2022-08-27,811,474
宁波市,2022-08-28,385,353
宁波市,2022-08-29,724,368
宁波市,2022-08-30,674,472
宁波市,2022-08-31,1184,906
宁波市,2022-09-01,993,608
宁波市,2022-09-02,455,257
宁波市,2022-09-03,397,337
宁波市,2022-09-04,1047,740
宁波市,2022-09-05,1099,691
宁波市,2022-09-06,451,264
宁波市,2022-09-07,794,530
宁波市,2022-09-08,355,190
宁波市,2022-09-09,676,441
宁波市,2022-09-10,101,39
宁波市,2022-09-11,335,259
宁波市,2022-09-12,858,562
宁波市,2022-09-13,747,300
宁波市,2022-09-14,599,369
宁波市,2022-09-15,411,342
宁波市,2022-09-16,829,646
宁波市,2022-09-17,407,131
宁波市,2022-09-18,289,271
宁波市,2022-09-19,1215,286
宁波市,2022-09-20,1928,467
宁波市,2022-09-21,663,485
宁波市,2022-09-22,863,590
宁波市,2022-09-23,630,248
宁波市,2022-09-24,534,195
宁波市,2022-09-25,206,183
宁波市,2022-09-26,1609,870
宁波市,2022-09-27,716,495
宁波市,2022-09-28,1628,1037
宁波市,2022-09-29,688,470
宁波市,2022-09-30,1355,1035
宁波市,2022-10-01,78,68
宁波市,2022-10-02,29,20
宁波市,2022-10-03,149,13
宁波市,2022-10-04,295,10
宁波市,2022-10-05,148,34
宁波市,2022-10-06,63,32
宁波市,2022-10-07,105,81
宁波市,2022-10-08,219,127
宁波市,2022-10-09,343,219
宁波市,2022-10-10,534,262
宁波市,2022-10-11,723,476
宁波市,2022-10-12,513,352
宁波市,2022-10-13,607,359
宁波市,2022-10-14,290,108
宁波市,2022-10-15,128,41
宁波市,2022-10-16,76,76
宁波市,2022-10-17,602,205
宁波市,2022-10-18,633,145
宁波市,2022-10-19,414,227
宁波市,2022-10-20,626,384
宁波市,2022-10-21,102,9
宁波市,2022-10-22,50,32
宁波市,2022-10-24,2347,1785
宁波市,2022-10-25,110,37
宁波市,2022-10-26,198,95
宁波市,2022-10-27,232,113
宁波市,2022-10-28,174,84
宁波市,2022-10-29,23,0
宁波市,2022-10-31,270,115
宁波市,2022-11-01,138,67
宁波市,2022-11-02,444,60
宁波市,2022-11-03,157,22
宁波市,2022-11-04,32,6
宁波市,2022-11-06,1,1
宁波市,2022-11-07,3,3
宁波市,2022-11-10,3,3
宁波市,2022-11-11,11,1
宁波市,2022-11-12,2,1
宁波市,2022-11-15,1,1
杭州市,2021-11-16,1785,1231
杭州市,2021-11-17,733,420
杭州市,2021-11-18,1052,711
杭州市,2021-11-19,1149,572
杭州市,2021-11-20,107,90
杭州市,2021-11-21,803,654
杭州市,2021-11-22,3171,2790
杭州市,2021-11-23,3697,885
杭州市,2021-11-24,1190,526
杭州市,2021-11-25,1039,627
杭州市,2021-11-26,780,471
杭州市,2021-11-27,401,335
杭州市,2021-11-28,131,126
杭州市,2021-11-29,1083,734
杭州市,2021-11-30,1183,639
杭州市,2021-12-01,1381,921
杭州市,2021-12-02,2334,1540
杭州市,2021-12-03,756,617
杭州市,2021-12-04,112,71
杭州市,2021-12-05,154,129
杭州市,2021-12-06,1921,1521
杭州市,2021-12-07,985,486
杭州市,2021-12-08,832,563
杭州市,2021-12-09,844,582
杭州市,2021-12-10,802,465
杭州市,2021-12-11,411,264
杭州市,2021-12-12,26,23
杭州市,2021-12-13,1518,897
杭州市,2021-12-14,1108,806
杭州市,2021-12-15,1386,976
杭州市,2021-12-16,558,309
杭州市,2021-12-17,450,266
杭州市,2021-12-18,254,201
杭州市,2021-12-19,139,117
杭州市,2021-12-20,2113,1655
杭州市,2021-12-21,684,403
杭州市,2021-12-22,1034,743
杭州市,2021-12-23,423,249
杭州市,2021-12-24,1171,808
杭州市,2021-12-25,506,399
杭州市,2021-12-26,62,59
杭州市,2021-12-27,313,159
杭州市,2021-12-28,652,384
杭州市,2021-12-29,1916,1277
杭州市,2021-12-30,889,454
杭州市,2021-12-31,339,278
杭州市,2022-01-01,166,146
杭州市,2022-01-02,21,20
杭州市,2022-01-03,817,631
杭州市,2022-01-04,575,358
杭州市,2022-01-05,636,505
杭州市,2022-01-06,740,465
杭州市,2022-01-07,941,456
杭州市,2022-01-08,81,69
杭州市,2022-01-09,15,12
杭州市,2022-01-10,686,306
杭州市,2022-01-11,540,319
杭州市,2022-01-12,830,545
杭州市,2022-01-13,368,279
杭州市,2022-01-14,281,167
杭州市,2022-01-15,1162,937
杭州市,2022-01-16,98,58
杭州市,2022-01-17,874,339
杭州市,2022-01-18,554,352
杭州市,2022-01-19,787,558
杭州市,2022-01-20,233,179
杭州市,2022-01-21,853,599
杭州市,2022-01-22,62,45
杭州市,2022-01-23,21,17
杭州市,2022-01-24,397,56
杭州市,2022-01-25,160,124
杭州市,2022-01-26,60,42
杭州市,2022-01-27,44,7
杭州市,2022-01-28,37,17
杭州市,2022-01-29,21,12
杭州市,2022-01-30,2,0
杭州市,2022-02-06,1,1
杭州市,2022-02-07,22,17
杭州市,2022-02-08,132,93
杭州市,2022-02-09,266,140
杭州市,2022-02-10,599,367
杭州市,2022-02-11,541,388
杭州市,2022-02-12,969,754
杭州市,2022-02-13,153,148
杭州市,2022-02-14,658,391
杭州市,2022-02-15,644,394
杭州市,2022-02-16,680,399
杭州市,2022-02-17,661,362
杭州市,2022-02-18,465,224
杭州市,2022-02-19,191,133
杭州市,2022-02-20,101,83
杭州市,2022-02-21,827,439
杭州市,2022-02-22,764,392
杭州市,2022-02-23,706,396
杭州市,2022-02-24,842,483
杭州市,2022-02-25,1528,979
杭州市,2022-02-26,162,130
杭州市,2022-02-27,469,368
杭州市,2022-02-28,1077,621
杭州市,2022-03-01,1455,893
杭州市,2022-03-02,885,499
杭州市,2022-03-03,741,433
杭州市,2022-03-04,731,236
杭州市,2022-03-05,1079,761
杭州市,2022-03-06,169,138
杭州市,2022-03-07,1129,749
杭州市,2022-03-08,2048,809
杭州市,2022-03-09,1485,931
杭州市,2022-03-10,874,489
杭州市,2022-03-11,564,250
杭州市,2022-03-12,1082,875
杭州市,2022-03-13,50,47
杭州市,2022-03-14,1487,871
杭州市,2022-03-15,1069,565
杭州市,2022-03-16,598,380
杭州市,2022-03-17,534,299
杭州市,2022-03-18,983,703
杭州市,2022-03-19,38,30
杭州市,2022-03-20,703,532
杭州市,2022-03-21,663,365
杭州市,2022-03-22,732,420
杭州市,2022-03-23,725,462
杭州市,2022-03-24,1084,593
杭州市,2022-03-25,550,365
杭州市,2022-03-26,95,85
杭州市,2022-03-27,746,506
杭州市,2022-03-28,841,535
杭州市,2022-03-29,1111,640
杭州市,2022-03-30,887,559
杭州市,2022-03-31,735,458
杭州市,2022-04-01,504,236
杭州市,2022-04-02,1121,765
杭州市,2022-04-03,359,275
杭州市,2022-04-04,116,69
杭州市,2022-04-05,17,15
杭州市,2022-04-06,620,348
杭州市,2022-04-07,1170,781
杭州市,2022-04-08,520,392
杭州市,2022-04-09,370,288
杭州市,2022-04-10,45,29
杭州市,2022-04-11,1331,738
杭州市,2022-04-12,518,252
杭州市,2022-04-13,261,155
杭州市,2022-04-14,1227,328
杭州市,2022-04-15,606,429
杭州市,2022-04-16,165,74
杭州市,2022-04-17,99,84
杭州市,2022-04-18,1085,696
杭州市,2022-04-19,1275,579
杭州市,2022-04-20,1190,673
杭州市,2022-04-21,724,359
杭州市,2022-04-22,1632,838
杭州市,2022-04-23,700,508
杭州市,2022-04-24,862,444
杭州市,2022-04-25,518,360
杭州市,2022-04-26,1123,660
杭州市,2022-04-27,623,350
杭州市,2022-04-28,1088,676
杭州市,2022-04-29,468,214
杭州市,2022-04-30,113,85
杭州市,2022-05-01,82,75
杭州市,2022-05-02,34,16
杭州市,2022-05-03,36,36
杭州市,2022-05-04,141,101
杭州市,2022-05-05,934,526
杭州市,2022-05-06,848,583
杭州市,2022-05-07,1283,683
杭州市,2022-05-08,189,70
杭州市,2022-05-09,924,502
杭州市,2022-05-10,1123,642
杭州市,2022-05-11,825,380
杭州市,2022-05-12,1127,633
杭州市,2022-05-13,635,429
杭州市,2022-05-14,863,659
杭州市,2022-05-15,79,67
杭州市,2022-05-16,1685,715
杭州市,2022-05-17,1097,403
杭州市,2022-05-18,1973,1383
杭州市,2022-05-19,1175,791
杭州市,2022-05-20,727,406
杭州市,2022-05-21,343,287
杭州市,2022-05-22,113,99
杭州市,2022-05-23,1593,811
杭州市,2022-05-24,1114,520
杭州市,2022-05-25,752,512
杭州市,2022-05-26,1080,647
杭州市,2022-05-27,1776,309
杭州市,2022-05-28,205,136
杭州市,2022-05-29,166,148
杭州市,2022-05-30,6422,817
杭州市,2022-05-31,972,294
杭州市,2022-06-01,1268,895
杭州市,2022-06-02,659,476
杭州市,2022-06-03,100,81
杭州市,2022-06-04,98,86
杭州市,2022-06-05,1891,1269
杭州市,2022-06-06,903,584
杭州市,2022-06-07,832,427
杭州市,2022-06-08,1034,566
杭州市,2022-06-09,784,463
杭州市,2022-06-10,467,280
杭州市,2022-06-11,678,515
杭州市,2022-06-12,335,250
杭州市,2022-06-13,3346,2077
杭州市,2022-06-14,1251,681
杭州市,2022-06-15,963,407
杭州市,2022-06-16,1837,1154
杭州市,2022-06-17,765,370
杭州市,2022-06-18,393,221
杭州市,2022-06-19,449,312
杭州市,2022-06-20,1043,589
杭州市,2022-06-21,1616,862
杭州市,2022-06-22,933,590
杭州市,2022-06-23,1424,891
杭州市,2022-06-24,1356,888
杭州市,2022-06-25,822,543
杭州市,2022-06-26,430,391
杭州市,2022-06-27,2337,1561
杭州市,2022-06-28,968,528
杭州市,2022-06-29,2354,1596
杭州市,2022-06-30,1699,1013
杭州市,2022-07-01,889,530
杭州市,2022-07-02,263,186
杭州市,2022-07-03,198,159
杭州市,2022-07-04,2938,1847
杭州市,2022-07-05,1753,1053
杭州市,2022-07-06,964,721
杭州市,2022-07-07,1149,538
杭州市,2022-07-08,535,321
杭州市,2022-07-09,327,265
杭州市,2022-07-10,133,114
杭州市,2022-07-11,942,567
杭州市,2022-07-12,1046,510
杭州市,2022-07-13,1508,824
杭州市,2022-07-14,1558,973
杭州市,2022-07-15,1051,756
杭州市,2022-07-16,190,145
杭州市,2022-07-17,94,55
杭州市,2022-07-18,1043,607
杭州市,2022-07-19,1782,1193
杭州市,2022-07-20,909,511
杭州市,2022-07-21,424,328
杭州市,2022-07-22,902,512
杭州市,2022-07-23,309,246
杭州市,2022-07-24,1523,1101
杭州市,2022-07-25,757,421
杭州市,2022-07-26,572,331
杭州市,2022-07-27,609,400
杭州市,2022-07-28,1014,650
杭州市,2022-07-29,536,347
杭州市,2022-07-30,348,251
杭州市,2022-07-31,1111,885
杭州市,2022-08-01,692,483
杭州市,2022-08-02,702,382
杭州市,2022-08-03,1486,902
杭州市,2022-08-04,679,346
杭州市,2022-08-05,483,359
杭州市,2022-08-06,515,349
杭州市,2022-08-07,208,156
杭州市,2022-08-08,717,390
杭州市,2022-08-09,1961,1153
杭州市,2022-08-10,692,371
杭州市,2022-08-11,983,591
杭州市,2022-08-12,725,428
杭州市,2022-08-13,94,33
杭州市,2022-08-14,1002,770
杭州市,2022-08-15,1152,649
杭州市,2022-08-16,595,292
杭州市,2022-08-17,607,326
杭州市,2022-08-18,1933,1470
杭州市,2022-08-19,650,435
杭州市,2022-08-20,365,280
杭州市,2022-08-21,947,704
杭州市,2022-08-22,734,438
杭州市,2022-08-23,1516,993
杭州市,2022-08-24,1374,973
杭州市,2022-08-25,418,326
杭州市,2022-08-26,531,386
杭州市,2022-08-27,325,271
杭州市,2022-08-28,264,212
杭州市,2022-08-29,1800,1469
杭州市,2022-08-30,696,548
杭州市,2022-08-31,478,284
杭州市,2022-09-01,982,655
杭州市,2022-09-02,1097,663
杭州市,2022-09-03,530,268
杭州市,2022-09-04,817,654
杭州市,2022-09-05,744,341
杭州市,2022-09-06,984,508
杭州市,2022-09-07,795,457
杭州市,2022-09-08,656,258
杭州市,2022-09-09,614,186
杭州市,2022-09-10,29,15
杭州市,2022-09-11,389,357
杭州市,2022-09-12,49,18
杭州市,2022-09-13,714,350
杭州市,2022-09-14,1801,1412
杭州市,2022-09-15,805,500
杭州市,2022-09-16,574,349
杭州市,2022-09-17,98,86
杭州市,2022-09-18,506,493
杭州市,2022-09-19,1212,900
杭州市,2022-09-20,607,410
杭州市,2022-09-21,1130,646
杭州市,2022-09-22,544,391
杭州市,2022-09-23,510,255
杭州市,2022-09-24,157,89
杭州市,2022-09-25,1096,1011
杭州市,2022-09-26,1271,985
杭州市,2022-09-27,1644,1444
杭州市,2022-09-28,1494,1137
杭州市,2022-09-29,952,653
杭州市,2022-09-30,1063,833
杭州市,2022-10-01,110,50
杭州市,2022-10-02,41,30
杭州市,2022-10-03,49,48
杭州市,2022-10-04,102,86
杭州市,2022-10-05,249,225
杭州市,2022-10-06,188,123
杭州市,2022-10-07,245,180
杭州市,2022-10-08,604,352
杭州市,2022-10-09,1477,672
杭州市,2022-10-10,896,603
杭州市,2022-10-11,1426,924
杭州市,2022-10-12,1446,1119
杭州市,2022-10-13,835,599
杭州市,2022-10-14,864,491
杭州市,2022-10-15,47,37
杭州市,2022-10-16,477,332
杭州市,2022-10-17,2179,1799
杭州市,2022-10-18,1023,572
杭州市,2022-10-19,2677,2218
杭州市,2022-10-20,905,746
杭州市,2022-10-21,950,646
杭州市,2022-10-22,454,395
杭州市,2022-10-23,264,193
杭州市,2022-10-24,1199,758
杭州市,2022-10-25,2008,1185
杭州市,2022-10-26,1078,736
杭州市,2022-10-27,1144,937
杭州市,2022-10-28,452,320
杭州市,2022-10-29,1044,853
杭州市,2022-10-30,172,138
杭州市,2022-10-31,1163,515
杭州市,2022-11-01,1758,1487
杭州市,2022-11-02,891,523
杭州市,2022-11-03,1291,689
杭州市,2022-11-04,975,628
杭州市,2022-11-05,1415,1301
杭州市,2022-11-06,418,386
杭州市,2022-11-07,470,174
杭州市,2022-11-08,911,515
杭州市,2022-11-09,638,386
杭州市,2022-11-10,812,604
杭州市,2022-11-11,1956,1711
杭州市,2022-11-12,370,315
杭州市,2022-11-13,478,377
杭州市,2022-11-14,982,553
杭州市,2022-11-15,1360,738
温州市,2021-11-16,1162,804
温州市,2021-11-17,282,233
温州市,2021-11-18,335,241
温州市,2021-11-19,320,249
温州市,2021-11-20,510,396
温州市,2021-11-21,179,155
温州市,2021-11-22,744,631
温州市,2021-11-23,729,413
温州市,2021-11-24,375,315
温州市,2021-11-25,215,185
温州市,2021-11-26,250,186
温州市,2021-11-27,261,158
温州市,2021-11-28,73,63
温州市,2021-11-29,448,340
温州市,2021-11-30,329,184
温州市,2021-12-01,69,58
温州市,2021-12-02,292,197
温州市,2021-12-03,319,260
温州市,2021-12-04,197,160
温州市,2021-12-05,157,143
温州市,2021-12-06,469,375
温州市,2021-12-07,691,551
温州市,2021-12-08,174,124
温州市,2021-12-09,270,236
温州市,2021-12-10,394,248
温州市,2021-12-11,355,305
温州市,2021-12-12,274,234
温州市,2021-12-13,358,270
温州市,2021-12-14,361,298
温州市,2021-12-15,226,170
温州市,2021-12-16,187,146
温州市,2021-12-17,331,210
温州市,2021-12-18,187,165
温州市,2021-12-19,80,63
温州市,2021-12-20,92,77
温州市,2021-12-21,163,122
温州市,2021-12-22,512,354
温州市,2021-12-23,401,297
温州市,2021-12-24,315,240
温州市,2021-12-25,343,262
温州市,2021-12-26,204,171
温州市,2021-12-27,343,310
温州市,2021-12-28,179,120
温州市,2021-12-29,346,280
温州市,2021-12-30,164,94
温州市,2021-12-31,205,148
温州市,2022-01-01,150,134
温州市,2022-01-02,91,77
温州市,2022-01-03,312,270
温州市,2022-01-04,192,157
温州市,2022-01-05,47,17
温州市,2022-01-06,272,215
温州市,2022-01-07,417,348
温州市,2022-01-08,51,43
温州市,2022-01-09,63,49
温州市,2022-01-10,163,114
温州市,2022-01-11,178,140
温州市,2022-01-12,251,183
温州市,2022-01-13,140,92
温州市,2022-01-14,39,26
温州市,2022-01-15,133,110
温州市,2022-01-17,144,120
温州市,2022-01-18,39,26
温州市,2022-01-19,78,49
温州市,2022-01-20,24,18
温州市,2022-01-21,21,17
温州市,2022-01-22,6,6
温州市,2022-01-23,7,5
温州市,2022-01-24,41,17
温州市,2022-01-25,61,52
温州市,2022-01-26,12,2
温州市,2022-01-27,16,8
温州市,2022-01-30,1,0
温州市,2022-02-02,1,0
温州市,2022-02-08,2,1
温州市,2022-02-09,14,8
温州市,2022-02-10,15,11
温州市,2022-02-11,77,72
温州市,2022-02-12,66,50
温州市,2022-02-13,9,9
温州市,2022-02-14,102,77
温州市,2022-02-15,68,51
温州市,2022-02-16,149,101
温州市,2022-02-17,75,55
温州市,2022-02-18,321,203
温州市,2022-02-19,123,48
温州市,2022-02-20,171,98
温州市,2022-02-21,187,147
温州市,2022-02-22,260,210
温州市,2022-02-23,368,209
温州市,2022-02-24,169,131
温州市,2022-02-25,173,122
温州市,2022-02-26,177,123
温州市,2022-02-27,226,141
温州市,2022-02-28,460,330
温州市,2022-03-01,607,413
温州市,2022-03-02,337,242
温州市,2022-03-03,223,159
温州市,2022-03-04,437,374
温州市,2022-03-05,207,143
温州市,2022-03-06,279,214
温州市,2022-03-07,421,314
温州市,2022-03-08,422,361
温州市,2022-03-09,224,185
温州市,2022-03-10,740,607
温州市,2022-03-11,347,267
温州市,2022-03-12,305,244
温州市,2022-03-13,236,177
温州市,2022-03-14,514,377
温州市,2022-03-15,287,227
温州市,2022-03-16,360,279
温州市,2022-03-17,275,213
温州市,2022-03-18,458,387
温州市,2022-03-19,374,265
温州市,2022-03-20,138,93
温州市,2022-03-21,674,540
温州市,2022-03-22,255,187
温州市,2022-03-23,693,551
温州市,2022-03-24,715,537
温州市,2022-03-25,282,185
温州市,2022-03-26,356,280
温州市,2022-03-27,102,47
温州市,2022-03-28,682,571
温州市,2022-03-29,763,596
温州市,2022-03-30,951,734
温州市,2022-03-31,1188,970
温州市,2022-04-01,531,370
温州市,2022-04-02,280,182
温州市,2022-04-03,20,12
温州市,2022-04-04,382,282
温州市,2022-04-05,134,117
温州市,2022-04-06,1396,1201
温州市,2022-04-07,813,688
温州市,2022-04-08,718,581
温州市,2022-04-09,392,304
温州市,2022-04-10,157,137
温州市,2022-04-11,526,398
温州市,2022-04-12,442,337
温州市,2022-04-13,537,391
温州市,2022-04-14,599,500
温州市,2022-04-15,583,503
温州市,2022-04-16,1037,884
温州市,2022-04-17,231,177
温州市,2022-04-18,655,429
温州市,2022-04-19,589,434
温州市,2022-04-20,1113,919
温州市,2022-04-21,410,286
温州市,2022-04-22,843,663
温州市,2022-04-23,468,353
温州市,2022-04-24,142,99
温州市,2022-04-25,914,697
温州市,2022-04-26,646,359
温州市,2022-04-27,1369,657
温州市,2022-04-28,1651,1137
温州市,2022-04-29,501,270
温州市,2022-04-30,380,216
温州市,2022-05-01,55,42
温州市,2022-05-02,26,20
温州市,2022-05-03,198,106
温州市,2022-05-04,512,399
温州市,2022-05-05,552,413
温州市,2022-05-06,379,297
温州市,2022-05-07,828,675
温州市,2022-05-08,625,436
温州市,2022-05-09,511,393
温州市,2022-05-10,351,244
温州市,2022-05-11,301,221
温州市,2022-05-12,265,155
温州市,2022-05-13,557,428
温州市,2022-05-14,458,427
温州市,2022-05-15,235,176
温州市,2022-05-16,640,539
温州市,2022-05-17,282,214
温州市,2022-05-18,703,578
温州市,2022-05-19,764,554
温州市,2022-05-20,745,596
温州市,2022-05-21,263,208
温州市,2022-05-22,227,187
温州市,2022-05-23,695,543
温州市,2022-05-24,676,458
温州市,2022-05-25,455,335
温州市,2022-05-26,388,321
温州市,2022-05-27,835,615
温州市,2022-05-28,657,484
温州市,2022-05-29,347,260
温州市,2022-05-30,777,646
温州市,2022-05-31,819,698
温州市,2022-06-01,448,342
温州市,2022-06-02,810,500
温州市,2022-06-03,142,108
温州市,2022-06-04,416,333
温州市,2022-06-05,185,146
温州市,2022-06-06,612,493
温州市,2022-06-07,508,399
温州市,2022-06-08,955,759
温州市,2022-06-09,620,534
温州市,2022-06-10,346,257
温州市,2022-06-11,199,144
温州市,2022-06-12,281,183
温州市,2022-06-13,591,331
温州市,2022-06-14,534,389
温州市,2022-06-15,473,310
温州市,2022-06-16,459,332
温州市,2022-06-17,443,310
温州市,2022-06-18,591,498
温州市,2022-06-19,167,121
温州市,2022-06-20,637,458
温州市,2022-06-21,1067,720
温州市,2022-06-22,844,636
温州市,2022-06-23,608,494
温州市,2022-06-24,580,451
温州市,2022-06-25,595,457
温州市,2022-06-26,525,331
温州市,2022-06-27,476,344
温州市,2022-06-28,784,529
温州市,2022-06-29,528,420
温州市,2022-06-30,593,421
温州市,2022-07-01,661,518
温州市,2022-07-02,1146,1004
温州市,2022-07-03,325,257
温州市,2022-07-04,940,783
温州市,2022-07-05,456,344
温州市,2022-07-06,563,418
温州市,2022-07-07,561,387
温州市,2022-07-08,482,325
温州市,2022-07-09,438,312
温州市,2022-07-10,317,225
温州市,2022-07-11,700,575
温州市,2022-07-12,469,332
温州市,2022-07-13,499,369
温州市,2022-07-14,458,358
温州市,2022-07-15,430,351
温州市,2022-07-16,343,299
温州市,2022-07-17,183,177
温州市,2022-07-18,463,367
温州市,2022-07-19,317,238
温州市,2022-07-20,301,238
温州市,2022-07-21,603,496
温州市,2022-07-22,468,350
温州市,2022-07-23,344,283
温州市,2022-07-24,33,20
温州市,2022-07-25,284,206
温州市,2022-07-26,339,256
温州市,2022-07-27,537,451
温州市,2022-07-28,385,295
温州市,2022-07-29,375,283
温州市,2022-07-30,283,220
温州市,2022-07-31,306,256
温州市,2022-08-01,302,235
温州市,2022-08-02,525,382
温州市,2022-08-03,694,523
温州市,2022-08-04,617,511
温州市,2022-08-05,271,197
温州市,2022-08-06,321,260
温州市,2022-08-07,98,84
温州市,2022-08-08,432,345
温州市,2022-08-09,482,323
温州市,2022-08-10,197,163
温州市,2022-08-11,253,200
温州市,2022-08-12,351,281
温州市,2022-08-13,369,260
温州市,2022-08-14,211,144
温州市,2022-08-15,500,395
温州市,2022-08-16,380,332
温州市,2022-08-17,475,378
温州市,2022-08-18,694,562
温州市,2022-08-19,418,310
温州市,2022-08-20,570,456
温州市,2022-08-21,184,117
温州市,2022-08-22,479,271
温州市,2022-08-23,419,337
温州市,2022-08-24,155,112
温州市,2022-08-25,663,535
温州市,2022-08-26,486,373
温州市,2022-08-27,543,418
温州市,2022-08-28,282,227
温州市,2022-08-29,326,251
温州市,2022-08-30,332,225
温州市,2022-08-31,211,168
温州市,2022-09-01,350,268
温州市,2022-09-02,186,146
温州市,2022-09-03,602,509
温州市,2022-09-04,50,32
温州市,2022-09-05,287,229
温州市,2022-09-06,167,115
温州市,2022-09-07,250,186
温州市,2022-09-08,376,310
温州市,2022-09-09,264,182
温州市,2022-09-10,34,26
温州市,2022-09-11,239,172
温州市,2022-09-12,253,205
温州市,2022-09-13,482,399
温州市,2022-09-14,388,330
温州市,2022-09-15,225,188
温州市,2022-09-16,285,239
温州市,2022-09-17,109,71
温州市,2022-09-18,62,46
温州市,2022-09-19,307,257
温州市,2022-09-20,329,264
温州市,2022-09-21,592,496
温州市,2022-09-22,643,556
温州市,2022-09-23,466,392
温州市,2022-09-24,184,144
温州市,2022-09-25,142,113
温州市,2022-09-26,474,369
温州市,2022-09-27,403,337
温州市,2022-09-28,333,267
温州市,2022-09-29,448,370
温州市,2022-09-30,486,402
温州市,2022-10-01,152,96
温州市,2022-10-02,99,68
温州市,2022-10-03,42,29
温州市,2022-10-04,170,140
温州市,2022-10-05,315,261
温州市,2022-10-06,277,238
温州市,2022-10-07,404,331
温州市,2022-10-08,425,303
温州市,2022-10-09,201,137
温州市,2022-10-10,116,85
温州市,2022-10-11,321,254
温州市,2022-10-12,446,363
温州市,2022-10-13,200,165
温州市,2022-10-14,329,123
温州市,2022-10-15,371,144
温州市,2022-10-16,148,108
温州市,2022-10-17,669,541
温州市,2022-10-18,444,337
温州市,2022-10-19,541,419
温州市,2022-10-20,345,256
温州市,2022-10-21,1073,729
温州市,2022-10-22,539,376
温州市,2022-10-23,333,216
温州市,2022-10-24,659,418
温州市,2022-10-25,756,610
温州市,2022-10-26,1059,873
温州市,2022-10-27,777,634
温州市,2022-10-28,669,596
温州市,2022-10-29,401,313
温州市,2022-10-30,228,189
温州市,2022-10-31,699,451
温州市,2022-11-01,344,232
温州市,2022-11-02,730,604
温州市,2022-11-03,691,522
温州市,2022-11-04,689,576
温州市,2022-11-05,209,166
温州市,2022-11-06,100,77
温州市,2022-11-07,447,310
温州市,2022-11-08,148,90
温州市,2022-11-09,204,147
温州市,2022-11-10,310,241
温州市,2022-11-11,229,199
温州市,2022-11-12,244,178
温州市,2022-11-13,27,17
温州市,2022-11-14,524,431
温州市,2022-11-15,392,303
湖州市,2021-11-16,708,600
湖州市,2021-11-17,818,740
湖州市,2021-11-18,706,655
湖州市,2021-11-19,582,471
湖州市,2021-11-20,3,3
湖州市,2021-11-21,63,57
湖州市,2021-11-22,205,138
湖州市,2021-11-23,747,509
湖州市,2021-11-24,944,730
湖州市,2021-11-25,366,227
湖州市,2021-11-26,224,169
湖州市,2021-11-27,367,286
湖州市,2021-11-28,57,52
湖州市,2021-11-29,415,381
湖州市,2021-11-30,860,695
湖州市,2021-12-01,495,387
湖州市,2021-12-02,516,457
湖州市,2021-12-03,647,563
湖州市,2021-12-04,506,442
湖州市,2021-12-05,267,253
湖州市,2021-12-06,196,166
湖州市,2021-12-07,568,498
湖州市,2021-12-08,222,196
湖州市,2021-12-09,507,443
湖州市,2021-12-10,904,825
湖州市,2021-12-11,125,102
湖州市,2021-12-12,9,0
湖州市,2021-12-13,755,593
湖州市,2021-12-14,662,593
湖州市,2021-12-15,1691,1351
湖州市,2021-12-16,405,330
湖州市,2021-12-17,242,173
湖州市,2021-12-18,124,109
湖州市,2021-12-20,787,671
湖州市,2021-12-21,519,461
湖州市,2021-12-22,419,375
湖州市,2021-12-23,525,480
湖州市,2021-12-24,432,392
湖州市,2021-12-25,88,77
湖州市,2021-12-26,56,12
湖州市,2021-12-27,614,556
湖州市,2021-12-28,190,145
湖州市,2021-12-29,402,369
湖州市,2021-12-30,416,304
湖州市,2021-12-31,439,420
湖州市,2022-01-01,1,1
湖州市,2022-01-02,51,40
湖州市,2022-01-03,341,308
湖州市,2022-01-04,557,511
湖州市,2022-01-05,353,307
湖州市,2022-01-06,239,196
湖州市,2022-01-07,600,548
湖州市,2022-01-08,148,116
湖州市,2022-01-09,122,102
湖州市,2022-01-10,503,429
湖州市,2022-01-11,520,485
湖州市,2022-01-12,216,206
湖州市,2022-01-13,437,363
湖州市,2022-01-14,294,268
湖州市,2022-01-15,898,850
湖州市,2022-01-17,80,75
湖州市,2022-01-18,175,168
湖州市,2022-01-19,239,214
湖州市,2022-01-20,145,137
湖州市,2022-01-21,131,113
湖州市,2022-01-22,49,44
湖州市,2022-01-24,73,67
湖州市,2022-01-25,90,84
湖州市,2022-01-26,47,35
湖州市,2022-01-27,143,138
湖州市,2022-01-28,131,115
湖州市,2022-01-29,11,11
湖州市,2022-02-07,23,14
湖州市,2022-02-08,231,206
湖州市,2022-02-09,140,111
湖州市,2022-02-10,397,377
湖州市,2022-02-11,210,197
湖州市,2022-02-12,138,134
湖州市,2022-02-13,7,3
湖州市,2022-02-14,286,265
湖州市,2022-02-15,555,504
湖州市,2022-02-16,247,209
湖州市,2022-02-17,148,135
湖州市,2022-02-18,277,220
湖州市,2022-02-19,185,137
湖州市,2022-02-20,65,61
湖州市,2022-02-21,253,218
湖州市,2022-02-22,373,335
湖州市,2022-02-23,399,363
湖州市,2022-02-24,676,651
湖州市,2022-02-25,807,718
湖州市,2022-02-26,179,163
湖州市,2022-02-27,2,0
湖州市,2022-02-28,715,630
湖州市,2022-03-01,660,563
湖州市,2022-03-02,510,461
湖州市,2022-03-03,676,626
湖州市,2022-03-04,578,495
湖州市,2022-03-05,99,73
湖州市,2022-03-06,56,40
湖州市,2022-03-07,531,455
湖州市,2022-03-08,278,226
湖州市,2022-03-09,403,381
湖州市,2022-03-10,813,725
湖州市,2022-03-11,208,192
湖州市,2022-03-12,37,22
湖州市,2022-03-13,5,3
湖州市,2022-03-14,885,807
湖州市,2022-03-15,1060,939
湖州市,2022-03-16,641,531
湖州市,2022-03-17,628,578
湖州市,2022-03-18,436,378
湖州市,2022-03-19,115,112
湖州市,2022-03-20,21,19
湖州市,2022-03-21,763,702
湖州市,2022-03-22,741,662
湖州市,2022-03-23,371,314
湖州市,2022-03-24,404,339
湖州市,2022-03-25,177,161
湖州市,2022-03-26,146,114
湖州市,2022-03-27,45,35
湖州市,2022-03-28,731,671
湖州市,2022-03-29,307,294
湖州市,2022-03-30,470,413
湖州市,2022-03-31,608,570
湖州市,2022-04-01,222,201
湖州市,2022-04-02,220,194
湖州市,2022-04-03,143,122
湖州市,2022-04-04,66,58
湖州市,2022-04-05,13,10
湖州市,2022-04-06,505,434
湖州市,2022-04-07,184,173
湖州市,2022-04-08,271,255
湖州市,2022-04-09,303,248
湖州市,2022-04-10,31,21
湖州市,2022-04-11,827,759
湖州市,2022-04-12,416,337
湖州市,2022-04-13,501,442
湖州市,2022-04-14,215,154
湖州市,2022-04-15,438,377
湖州市,2022-04-16,36,35
湖州市,2022-04-17,74,56
湖州市,2022-04-18,350,311
湖州市,2022-04-19,951,709
湖州市,2022-04-20,374,277
湖州市,2022-04-21,257,198
湖州市,2022-04-22,319,238
湖州市,2022-04-23,94,59
湖州市,2022-04-24,500,450
湖州市,2022-04-25,635,556
湖州市,2022-04-26,673,589
湖州市,2022-04-27,991,908
湖州市,2022-04-28,694,613
湖州市,2022-04-29,329,297
湖州市,2022-04-30,6,3
湖州市,2022-05-02,12,12
湖州市,2022-05-03,20,20
湖州市,2022-05-04,267,249
湖州市,2022-05-05,528,483
湖州市,2022-05-06,379,370
湖州市,2022-05-07,713,653
湖州市,2022-05-08,45,38
湖州市,2022-05-09,601,553
湖州市,2022-05-10,537,447
湖州市,2022-05-11,327,259
湖州市,2022-05-12,262,147
湖州市,2022-05-13,429,359
湖州市,2022-05-14,247,201
湖州市,2022-05-15,6,2
湖州市,2022-05-16,791,678
湖州市,2022-05-17,924,852
湖州市,2022-05-18,642,558
湖州市,2022-05-19,422,383
湖州市,2022-05-20,558,501
湖州市,2022-05-21,8,3
湖州市,2022-05-22,82,66
湖州市,2022-05-23,252,234
湖州市,2022-05-24,493,447
湖州市,2022-05-25,730,662
湖州市,2022-05-26,762,721
湖州市,2022-05-27,870,305
湖州市,2022-05-28,180,137
湖州市,2022-05-29,65,45
湖州市,2022-05-30,2432,641
湖州市,2022-05-31,456,408
湖州市,2022-06-01,547,503
湖州市,2022-06-02,373,338
湖州市,2022-06-03,3,3
湖州市,2022-06-04,83,80
湖州市,2022-06-05,51,38
湖州市,2022-06-06,119,85
湖州市,2022-06-07,767,703
湖州市,2022-06-08,646,610
湖州市,2022-06-09,304,280
湖州市,2022-06-10,57,49
湖州市,2022-06-11,193,174
湖州市,2022-06-12,15,13
湖州市,2022-06-13,544,476
湖州市,2022-06-14,975,912
湖州市,2022-06-15,401,298
湖州市,2022-06-16,575,494
湖州市,2022-06-17,487,453
湖州市,2022-06-18,203,145
湖州市,2022-06-19,8,6
湖州市,2022-06-20,631,551
湖州市,2022-06-21,524,451
湖州市,2022-06-22,759,660
湖州市,2022-06-23,384,333
湖州市,2022-06-24,339,278
湖州市,2022-06-25,564,509
湖州市,2022-06-26,65,44
湖州市,2022-06-27,654,606
湖州市,2022-06-28,770,664
湖州市,2022-06-29,760,675
湖州市,2022-06-30,383,339
湖州市,2022-07-01,209,188
湖州市,2022-07-02,105,79
湖州市,2022-07-03,2,1
湖州市,2022-07-04,586,529
湖州市,2022-07-05,359,308
湖州市,2022-07-06,448,408
湖州市,2022-07-07,457,421
湖州市,2022-07-08,301,258
湖州市,2022-07-09,140,125
湖州市,2022-07-10,20,3
湖州市,2022-07-11,507,470
湖州市,2022-07-12,573,492
湖州市,2022-07-13,377,331
湖州市,2022-07-14,488,450
湖州市,2022-07-15,427,367
湖州市,2022-07-16,143,131
湖州市,2022-07-17,218,204
湖州市,2022-07-18,409,389
湖州市,2022-07-19,644,592
湖州市,2022-07-20,773,610
湖州市,2022-07-21,999,869
湖州市,2022-07-22,516,393
湖州市,2022-07-23,227,189
湖州市,2022-07-24,202,161
湖州市,2022-07-25,418,341
湖州市,2022-07-26,549,471
湖州市,2022-07-27,701,607
湖州市,2022-07-28,397,356
湖州市,2022-07-29,621,550
湖州市,2022-07-30,105,94
湖州市,2022-07-31,34,29
湖州市,2022-08-01,588,548
湖州市,2022-08-02,736,650
湖州市,2022-08-03,613,569
湖州市,2022-08-04,1154,805
湖州市,2022-08-05,752,661
湖州市,2022-08-06,82,64
湖州市,2022-08-07,59,54
湖州市,2022-08-08,452,393
湖州市,2022-08-09,108,97
湖州市,2022-08-10,742,657
湖州市,2022-08-11,279,256
湖州市,2022-08-12,156,114
湖州市,2022-08-13,194,170
湖州市,2022-08-14,194,149
湖州市,2022-08-15,370,315
湖州市,2022-08-16,655,553
湖州市,2022-08-17,264,219
湖州市,2022-08-18,707,646
湖州市,2022-08-19,160,122
湖州市,2022-08-20,322,227
湖州市,2022-08-21,37,15
湖州市,2022-08-22,458,355
湖州市,2022-08-23,761,669
湖州市,2022-08-24,845,668
湖州市,2022-08-25,331,214
湖州市,2022-08-26,324,215
湖州市,2022-08-27,129,99
湖州市,2022-08-28,100,1
湖州市,2022-08-29,313,293
湖州市,2022-08-30,991,870
湖州市,2022-08-31,230,125
湖州市,2022-09-01,1069,716
湖州市,2022-09-02,341,295
湖州市,2022-09-03,225,212
湖州市,2022-09-04,136,135
湖州市,2022-09-05,254,242
湖州市,2022-09-06,569,498
湖州市,2022-09-07,780,677
湖州市,2022-09-08,376,323
湖州市,2022-09-09,354,341
湖州市,2022-09-10,11,0
湖州市,2022-09-11,21,20
湖州市,2022-09-12,303,250
湖州市,2022-09-13,535,410
湖州市,2022-09-14,533,382
湖州市,2022-09-15,918,777
湖州市,2022-09-16,249,188
湖州市,2022-09-17,369,269
湖州市,2022-09-18,100,57
湖州市,2022-09-19,790,682
湖州市,2022-09-20,452,367
湖州市,2022-09-21,447,381
湖州市,2022-09-22,703,614
湖州市,2022-09-23,370,333
湖州市,2022-09-24,324,295
湖州市,2022-09-25,92,80
湖州市,2022-09-26,453,422
湖州市,2022-09-27,1057,991
湖州市,2022-09-28,508,457
湖州市,2022-09-29,815,696
湖州市,2022-09-30,552,498
湖州市,2022-10-01,37,36
湖州市,2022-10-02,13,13
湖州市,2022-10-03,53,41
湖州市,2022-10-04,1,0
湖州市,2022-10-05,71,66
湖州市,2022-10-06,213,209
湖州市,2022-10-07,94,91
湖州市,2022-10-08,489,415
湖州市,2022-10-09,348,279
湖州市,2022-10-10,720,433
湖州市,2022-10-11,1111,576
湖州市,2022-10-12,1089,900
湖州市,2022-10-13,549,376
湖州市,2022-10-14,560,386
湖州市,2022-10-15,272,213
湖州市,2022-10-16,131,20
湖州市,2022-10-17,804,663
湖州市,2022-10-18,287,115
湖州市,2022-10-19,302,164
湖州市,2022-10-20,429,342
湖州市,2022-10-21,716,648
湖州市,2022-10-22,196,182
湖州市,2022-10-24,1127,1054
湖州市,2022-10-25,602,555
湖州市,2022-10-26,176,146
湖州市,2022-10-27,387,327
湖州市,2022-10-28,206,153
湖州市,2022-10-29,80,37
湖州市,2022-10-30,47,6
湖州市,2022-10-31,622,473
湖州市,2022-11-01,578,448
湖州市,2022-11-02,566,478
湖州市,2022-11-03,647,450
湖州市,2022-11-04,510,161
湖州市,2022-11-05,723,411
湖州市,2022-11-06,142,66
湖州市,2022-11-07,958,644
湖州市,2022-11-08,782,650
湖州市,2022-11-09,354,217
湖州市,2022-11-10,502,402
湖州市,2022-11-11,518,443
湖州市,2022-11-12,244,211
湖州市,2022-11-13,54,27
湖州市,2022-11-14,263,211
湖州市,2022-11-15,526,464
绍兴市,2021-11-16,1441,1140
绍兴市,2021-11-17,318,231
绍兴市,2021-11-18,792,536
绍兴市,2021-11-19,450,379
绍兴市,2021-11-20,423,380
绍兴市,2021-11-21,226,149
绍兴市,2021-11-22,378,337
绍兴市,2021-11-23,1293,547
绍兴市,2021-11-24,564,424
绍兴市,2021-11-25,1000,809
绍兴市,2021-11-26,273,239
绍兴市,2021-11-27,261,248
绍兴市,2021-11-28,261,234
绍兴市,2021-11-29,548,477
绍兴市,2021-11-30,1017,739
绍兴市,2021-12-01,952,762
绍兴市,2021-12-02,954,692
绍兴市,2021-12-03,302,261
绍兴市,2021-12-04,352,322
绍兴市,2021-12-05,100,99
绍兴市,2021-12-06,514,351
绍兴市,2021-12-07,563,334
绍兴市,2021-12-08,920,736
绍兴市,2021-12-09,483,356
绍兴市,2021-12-10,520,419
绍兴市,2021-12-11,334,251
绍兴市,2021-12-12,191,153
绍兴市,2021-12-13,551,301
绍兴市,2021-12-14,94,52
绍兴市,2021-12-15,396,285
绍兴市,2021-12-16,297,241
绍兴市,2021-12-17,110,94
绍兴市,2021-12-18,43,32
绍兴市,2021-12-20,890,728
绍兴市,2021-12-21,133,121
绍兴市,2021-12-22,528,449
绍兴市,2021-12-23,475,393
绍兴市,2021-12-24,180,143
绍兴市,2021-12-25,109,78
绍兴市,2021-12-26,215,186
绍兴市,2021-12-27,138,112
绍兴市,2021-12-28,55,47
绍兴市,2021-12-29,95,62
绍兴市,2021-12-30,227,164
绍兴市,2021-12-31,182,123
绍兴市,2022-01-01,49,41
绍兴市,2022-01-02,275,193
绍兴市,2022-01-03,258,171
绍兴市,2022-01-04,410,221
绍兴市,2022-01-05,420,199
绍兴市,2022-01-06,736,521
绍兴市,2022-01-07,758,624
绍兴市,2022-01-08,276,221
绍兴市,2022-01-09,229,173
绍兴市,2022-01-10,701,601
绍兴市,2022-01-11,390,322
绍兴市,2022-01-12,880,679
绍兴市,2022-01-13,276,164
绍兴市,2022-01-14,250,171
绍兴市,2022-01-15,318,236
绍兴市,2022-01-16,36,16
绍兴市,2022-01-17,127,71
绍兴市,2022-01-18,307,201
绍兴市,2022-01-19,594,464
绍兴市,2022-01-20,395,317
绍兴市,2022-01-21,952,800
绍兴市,2022-01-22,276,238
绍兴市,2022-01-23,21,18
绍兴市,2022-01-24,362,318
绍兴市,2022-01-25,313,248
绍兴市,2022-01-26,74,62
绍兴市,2022-01-27,91,80
绍兴市,2022-01-28,25,25
绍兴市,2022-01-29,6,6
绍兴市,2022-01-30,23,13
绍兴市,2022-01-31,2,2
绍兴市,2022-02-03,3,3
绍兴市,2022-02-04,5,4
绍兴市,2022-02-05,10,10
绍兴市,2022-02-06,7,7
绍兴市,2022-02-07,109,107
绍兴市,2022-02-08,77,72
绍兴市,2022-02-09,149,109
绍兴市,2022-02-10,200,185
绍兴市,2022-02-11,384,328
绍兴市,2022-02-12,161,104
绍兴市,2022-02-13,45,39
绍兴市,2022-02-14,358,283
绍兴市,2022-02-15,382,328
绍兴市,2022-02-16,306,228
绍兴市,2022-02-17,424,355
绍兴市,2022-02-18,343,266
绍兴市,2022-02-19,179,162
绍兴市,2022-02-20,156,130
绍兴市,2022-02-21,441,391
绍兴市,2022-02-22,367,320
绍兴市,2022-02-23,481,391
绍兴市,2022-02-24,195,162
绍兴市,2022-02-25,275,226
绍兴市,2022-02-26,312,185
绍兴市,2022-02-27,59,52
绍兴市,2022-02-28,468,374
绍兴市,2022-03-01,459,398
绍兴市,2022-03-02,319,266
绍兴市,2022-03-03,309,264
绍兴市,2022-03-04,626,505
绍兴市,2022-03-05,145,119
绍兴市,2022-03-06,289,268
绍兴市,2022-03-07,350,280
绍兴市,2022-03-08,237,204
绍兴市,2022-03-09,390,339
绍兴市,2022-03-10,322,274
绍兴市,2022-03-11,247,208
绍兴市,2022-03-12,414,332
绍兴市,2022-03-13,102,101
绍兴市,2022-03-14,572,460
绍兴市,2022-03-15,168,104
绍兴市,2022-03-16,252,205
绍兴市,2022-03-17,514,369
绍兴市,2022-03-18,770,625
绍兴市,2022-03-19,164,136
绍兴市,2022-03-20,576,429
绍兴市,2022-03-21,590,480
绍兴市,2022-03-22,379,296
绍兴市,2022-03-23,309,220
绍兴市,2022-03-24,629,510
绍兴市,2022-03-25,281,240
绍兴市,2022-03-26,118,109
绍兴市,2022-03-27,117,107
绍兴市,2022-03-28,469,337
绍兴市,2022-03-29,377,290
绍兴市,2022-03-30,600,499
绍兴市,2022-03-31,240,216
绍兴市,2022-04-01,321,272
绍兴市,2022-04-02,789,654
绍兴市,2022-04-03,128,118
绍兴市,2022-04-04,226,184
绍兴市,2022-04-05,110,84
绍兴市,2022-04-06,330,250
绍兴市,2022-04-07,323,245
绍兴市,2022-04-08,260,216
绍兴市,2022-04-09,517,395
绍兴市,2022-04-10,110,87
绍兴市,2022-04-11,478,384
绍兴市,2022-04-12,198,178
绍兴市,2022-04-13,684,536
绍兴市,2022-04-14,406,373
绍兴市,2022-04-15,502,442
绍兴市,2022-04-16,242,193
绍兴市,2022-04-17,120,94
绍兴市,2022-04-18,529,405
绍兴市,2022-04-19,564,379
绍兴市,2022-04-20,410,337
绍兴市,2022-04-21,249,95
绍兴市,2022-04-22,380,278
绍兴市,2022-04-23,698,602
绍兴市,2022-04-24,321,202
绍兴市,2022-04-25,480,244
绍兴市,2022-04-26,330,234
绍兴市,2022-04-27,318,261
绍兴市,2022-04-28,338,260
绍兴市,2022-04-29,266,234
绍兴市,2022-04-30,154,143
绍兴市,2022-05-01,32,4
绍兴市,2022-05-02,16,15
绍兴市,2022-05-03,269,241
绍兴市,2022-05-04,275,235
绍兴市,2022-05-05,292,261
绍兴市,2022-05-06,336,295
绍兴市,2022-05-07,245,176
绍兴市,2022-05-08,18,11
绍兴市,2022-05-09,609,342
绍兴市,2022-05-10,214,169
绍兴市,2022-05-11,602,367
绍兴市,2022-05-12,198,169
绍兴市,2022-05-13,531,357
绍兴市,2022-05-14,346,270
绍兴市,2022-05-15,120,108
绍兴市,2022-05-16,365,253
绍兴市,2022-05-17,371,218
绍兴市,2022-05-18,541,309
绍兴市,2022-05-19,462,342
绍兴市,2022-05-20,673,482
绍兴市,2022-05-21,420,364
绍兴市,2022-05-22,121,78
绍兴市,2022-05-23,472,386
绍兴市,2022-05-24,623,541
绍兴市,2022-05-25,378,303
绍兴市,2022-05-26,577,520
绍兴市,2022-05-27,1237,457
绍兴市,2022-05-28,303,265
绍兴市,2022-05-29,173,149
绍兴市,2022-05-30,5158,633
绍兴市,2022-05-31,405,307
绍兴市,2022-06-01,1794,1356
绍兴市,2022-06-02,591,397
绍兴市,2022-06-03,187,76
绍兴市,2022-06-04,258,231
绍兴市,2022-06-05,119,84
绍兴市,2022-06-06,1090,593
绍兴市,2022-06-07,836,530
绍兴市,2022-06-08,415,316
绍兴市,2022-06-09,1264,964
绍兴市,2022-06-10,1099,660
绍兴市,2022-06-11,996,786
绍兴市,2022-06-12,47,40
绍兴市,2022-06-13,989,749
绍兴市,2022-06-14,696,501
绍兴市,2022-06-15,767,565
绍兴市,2022-06-16,1419,1149
绍兴市,2022-06-17,397,311
绍兴市,2022-06-18,534,432
绍兴市,2022-06-19,1254,1085
绍兴市,2022-06-20,664,596
绍兴市,2022-06-21,1058,880
绍兴市,2022-06-22,2707,2127
绍兴市,2022-06-23,1242,841
绍兴市,2022-06-24,642,445
绍兴市,2022-06-25,376,191
绍兴市,2022-06-26,701,461
绍兴市,2022-06-27,481,388
绍兴市,2022-06-28,762,648
绍兴市,2022-06-29,607,458
绍兴市,2022-06-30,798,554
绍兴市,2022-07-01,345,288
绍兴市,2022-07-02,813,653
绍兴市,2022-07-03,200,159
绍兴市,2022-07-04,2884,2337
绍兴市,2022-07-05,692,519
绍兴市,2022-07-06,1170,971
绍兴市,2022-07-07,623,482
绍兴市,2022-07-08,813,707
绍兴市,2022-07-09,380,292
绍兴市,2022-07-10,220,184
绍兴市,2022-07-11,737,533
绍兴市,2022-07-12,974,681
绍兴市,2022-07-13,1329,915
绍兴市,2022-07-14,1361,1130
绍兴市,2022-07-15,1128,872
绍兴市,2022-07-16,501,344
绍兴市,2022-07-17,444,358
绍兴市,2022-07-18,975,668
绍兴市,2022-07-19,754,552
绍兴市,2022-07-20,1572,1232
绍兴市,2022-07-21,705,588
绍兴市,2022-07-22,460,359
绍兴市,2022-07-23,461,303
绍兴市,2022-07-24,370,267
绍兴市,2022-07-25,588,373
绍兴市,2022-07-26,648,365
绍兴市,2022-07-27,528,373
绍兴市,2022-07-28,725,542
绍兴市,2022-07-29,437,380
绍兴市,2022-07-30,391,324
绍兴市,2022-07-31,419,323
绍兴市,2022-08-01,536,443
绍兴市,2022-08-02,471,378
绍兴市,2022-08-03,869,625
绍兴市,2022-08-04,469,403
绍兴市,2022-08-05,383,328
绍兴市,2022-08-06,507,417
绍兴市,2022-08-07,189,123
绍兴市,2022-08-08,678,580
绍兴市,2022-08-09,504,402
绍兴市,2022-08-10,420,346
绍兴市,2022-08-11,333,263
绍兴市,2022-08-12,327,279
绍兴市,2022-08-13,261,232
绍兴市,2022-08-14,1153,943
绍兴市,2022-08-15,503,405
绍兴市,2022-08-16,208,168
绍兴市,2022-08-17,390,314
绍兴市,2022-08-18,613,433
绍兴市,2022-08-19,210,161
绍兴市,2022-08-20,183,122
绍兴市,2022-08-21,105,89
绍兴市,2022-08-22,264,214
绍兴市,2022-08-23,331,249
绍兴市,2022-08-24,1089,759
绍兴市,2022-08-25,294,227
绍兴市,2022-08-26,359,292
绍兴市,2022-08-27,1186,914
绍兴市,2022-08-28,86,75
绍兴市,2022-08-29,372,273
绍兴市,2022-08-30,658,591
绍兴市,2022-08-31,463,382
绍兴市,2022-09-01,1126,960
绍兴市,2022-09-02,962,810
绍兴市,2022-09-03,376,303
绍兴市,2022-09-04,260,217
绍兴市,2022-09-05,506,397
绍兴市,2022-09-06,381,341
绍兴市,2022-09-07,519,418
绍兴市,2022-09-08,671,465
绍兴市,2022-09-09,615,505
绍兴市,2022-09-10,170,102
绍兴市,2022-09-11,340,268
绍兴市,2022-09-12,179,153
绍兴市,2022-09-13,516,408
绍兴市,2022-09-14,578,474
绍兴市,2022-09-15,736,484
绍兴市,2022-09-16,452,365
绍兴市,2022-09-17,92,72
绍兴市,2022-09-18,138,113
绍兴市,2022-09-19,886,674
绍兴市,2022-09-20,536,376
绍兴市,2022-09-21,294,247
绍兴市,2022-09-22,373,277
绍兴市,2022-09-23,453,327
绍兴市,2022-09-24,92,77
绍兴市,2022-09-25,194,183
绍兴市,2022-09-26,226,199
绍兴市,2022-09-27,406,340
绍兴市,2022-09-28,390,332
绍兴市,2022-09-29,683,558
绍兴市,2022-09-30,1182,1017
绍兴市,2022-10-01,27,27
绍兴市,2022-10-02,2,2
绍兴市,2022-10-03,17,17
绍兴市,2022-10-04,224,206
绍兴市,2022-10-05,112,109
绍兴市,2022-10-06,312,311
绍兴市,2022-10-07,121,109
绍兴市,2022-10-08,394,346
绍兴市,2022-10-09,708,642
绍兴市,2022-10-10,479,375
绍兴市,2022-10-11,170,152
绍兴市,2022-10-12,1119,886
绍兴市,2022-10-13,1083,987
绍兴市,2022-10-14,695,572
绍兴市,2022-10-15,208,168
绍兴市,2022-10-16,115,103
绍兴市,2022-10-17,677,603
绍兴市,2022-10-18,499,453
绍兴市,2022-10-19,340,298
绍兴市,2022-10-20,295,262
绍兴市,2022-10-21,653,563
绍兴市,2022-10-22,303,268
绍兴市,2022-10-23,205,141
绍兴市,2022-10-24,366,306
绍兴市,2022-10-25,781,652
绍兴市,2022-10-26,572,491
绍兴市,2022-10-27,910,808
绍兴市,2022-10-28,782,650
绍兴市,2022-10-29,882,771
绍兴市,2022-10-30,108,82
绍兴市,2022-10-31,938,734
绍兴市,2022-11-01,366,338
绍兴市,2022-11-02,463,395
绍兴市,2022-11-03,281,248
绍兴市,2022-11-04,910,814
绍兴市,2022-11-05,208,181
绍兴市,2022-11-06,150,134
绍兴市,2022-11-07,903,736
绍兴市,2022-11-08,440,402
绍兴市,2022-11-09,173,164
绍兴市,2022-11-10,269,256
绍兴市,2022-11-11,513,476
绍兴市,2022-11-12,207,133
绍兴市,2022-11-13,47,47
绍兴市,2022-11-14,443,412
绍兴市,2022-11-15,1106,1092
舟山市,2021-11-16,178,91
舟山市,2021-11-17,83,23
舟山市,2021-11-18,33,22
舟山市,2021-11-19,29,21
舟山市,2021-11-20,22,18
舟山市,2021-11-22,114,94
舟山市,2021-11-23,66,30
舟山市,2021-11-24,153,98
舟山市,2021-11-25,147,93
舟山市,2021-11-26,54,33
舟山市,2021-11-27,1,0
舟山市,2021-11-29,196,129
舟山市,2021-11-30,171,108
舟山市,2021-12-01,125,93
舟山市,2021-12-02,67,31
舟山市,2021-12-03,55,20
舟山市,2021-12-06,50,34
舟山市,2021-12-07,62,31
舟山市,2021-12-08,80,41
舟山市,2021-12-09,63,36
舟山市,2021-12-10,65,36
舟山市,2021-12-11,3,2
舟山市,2021-12-13,65,36
舟山市,2021-12-14,70,40
舟山市,2021-12-15,32,17
舟山市,2021-12-16,41,23
舟山市,2021-12-17,45,23
舟山市,2021-12-18,5,4
舟山市,2021-12-19,1,1
舟山市,2021-12-20,78,51
舟山市,2021-12-21,61,42
舟山市,2021-12-22,61,35
舟山市,2021-12-23,75,35
舟山市,2021-12-24,74,35
舟山市,2021-12-25,37,33
舟山市,2021-12-27,59,33
舟山市,2021-12-28,57,28
舟山市,2021-12-29,68,43
舟山市,2021-12-30,37,21
舟山市,2021-12-31,20,10
舟山市,2022-01-03,101,69
舟山市,2022-01-04,105,41
舟山市,2022-01-05,55,22
舟山市,2022-01-06,65,33
舟山市,2022-01-07,53,24
舟山市,2022-01-10,100,53
舟山市,2022-01-11,141,80
舟山市,2022-01-12,77,53
舟山市,2022-01-13,123,73
舟山市,2022-01-14,91,53
舟山市,2022-01-15,3,2
舟山市,2022-01-17,138,64
舟山市,2022-01-18,110,63
舟山市,2022-01-19,70,36
舟山市,2022-01-20,86,36
舟山市,2022-01-21,37,14
舟山市,2022-01-22,1,1
舟山市,2022-01-24,44,16
舟山市,2022-01-25,16,9
舟山市,2022-01-26,16,10
舟山市,2022-01-27,10,2
舟山市,2022-01-28,5,4
舟山市,2022-01-29,6,4
舟山市,2022-02-02,1,1
舟山市,2022-02-05,6,5
舟山市,2022-02-07,38,19
舟山市,2022-02-08,43,21
舟山市,2022-02-09,31,13
舟山市,2022-02-10,56,38
舟山市,2022-02-11,75,35
舟山市,2022-02-12,4,4
舟山市,2022-02-13,1,0
舟山市,2022-02-14,232,97
舟山市,2022-02-15,156,66
舟山市,2022-02-16,136,42
舟山市,2022-02-17,19,16
舟山市,2022-02-18,50,40
舟山市,2022-02-19,19,18
舟山市,2022-02-20,1,1
舟山市,2022-02-21,245,87
舟山市,2022-02-22,252,101
舟山市,2022-02-23,262,95
舟山市,2022-02-24,221,73
舟山市,2022-02-25,270,122
舟山市,2022-02-26,18,16
舟山市,2022-02-28,267,85
舟山市,2022-03-01,304,97
舟山市,2022-03-02,258,98
舟山市,2022-03-03,221,67
舟山市,2022-03-04,225,68
舟山市,2022-03-05,107,47
舟山市,2022-03-06,1,1
舟山市,2022-03-07,192,93
舟山市,2022-03-08,181,64
舟山市,2022-03-09,199,95
舟山市,2022-03-10,141,37
舟山市,2022-03-11,94,31
舟山市,2022-03-12,18,14
舟山市,2022-03-14,120,69
舟山市,2022-03-15,81,50
舟山市,2022-03-16,32,26
舟山市,2022-03-17,119,87
舟山市,2022-03-18,55,43
舟山市,2022-03-19,35,26
舟山市,2022-03-21,52,39
舟山市,2022-03-22,15,1
舟山市,2022-03-23,4,3
舟山市,2022-03-24,54,44
舟山市,2022-03-25,63,51
舟山市,2022-03-26,26,22
舟山市,2022-03-27,1,1
舟山市,2022-03-28,58,40
舟山市,2022-03-29,101,55
舟山市,2022-03-30,19,17
舟山市,2022-03-31,20,20
舟山市,2022-04-01,351,50
舟山市,2022-04-02,55,27
舟山市,2022-04-04,60,43
舟山市,2022-04-05,3,2
舟山市,2022-04-06,92,44
舟山市,2022-04-07,76,40
舟山市,2022-04-08,78,48
舟山市,2022-04-09,68,58
舟山市,2022-04-11,234,127
舟山市,2022-04-12,139,76
舟山市,2022-04-13,51,16
舟山市,2022-04-14,306,156
舟山市,2022-04-15,400,195
舟山市,2022-04-16,1543,647
舟山市,2022-04-18,468,251
舟山市,2022-04-19,120,57
舟山市,2022-04-20,150,80
舟山市,2022-04-21,246,133
舟山市,2022-04-22,1280,716
舟山市,2022-04-23,226,123
舟山市,2022-04-25,425,229
舟山市,2022-04-26,440,186
舟山市,2022-04-27,296,133
舟山市,2022-04-28,313,207
舟山市,2022-04-29,345,228
舟山市,2022-04-30,110,35
舟山市,2022-05-03,96,62
舟山市,2022-05-04,36,24
舟山市,2022-05-05,238,59
舟山市,2022-05-06,2,0
舟山市,2022-05-07,262,93
舟山市,2022-05-09,222,87
舟山市,2022-05-10,348,171
舟山市,2022-05-11,382,235
舟山市,2022-05-12,186,80
舟山市,2022-05-13,277,150
舟山市,2022-05-14,250,135
舟山市,2022-05-16,215,95
舟山市,2022-05-17,180,72
舟山市,2022-05-18,1274,781
舟山市,2022-05-19,71,23
舟山市,2022-05-20,56,26
舟山市,2022-05-21,63,16
舟山市,2022-05-23,129,32
舟山市,2022-05-24,161,71
舟山市,2022-05-25,276,131
舟山市,2022-05-26,91,24
舟山市,2022-05-27,102,30
舟山市,2022-05-28,124,77
舟山市,2022-05-29,2,2
舟山市,2022-05-30,202,28
舟山市,2022-05-31,69,33
舟山市,2022-06-01,211,120
舟山市,2022-06-02,317,245
舟山市,2022-06-03,34,11
舟山市,2022-06-06,93,35
舟山市,2022-06-07,106,38
舟山市,2022-06-08,174,53
舟山市,2022-06-09,123,58
舟山市,2022-06-10,105,38
舟山市,2022-06-11,303,201
舟山市,2022-06-13,318,213
舟山市,2022-06-14,227,137
舟山市,2022-06-15,339,223
舟山市,2022-06-16,230,164
舟山市,2022-06-17,128,57
舟山市,2022-06-18,79,29
舟山市,2022-06-20,411,278
舟山市,2022-06-21,154,71
舟山市,2022-06-22,214,170
舟山市,2022-06-23,14,0
舟山市,2022-06-24,169,46
舟山市,2022-06-25,3,1
舟山市,2022-06-27,343,270
舟山市,2022-06-28,625,401
舟山市,2022-06-29,166,81
舟山市,2022-06-30,380,261
舟山市,2022-07-01,181,105
舟山市,2022-07-02,39,24
舟山市,2022-07-04,227,121
舟山市,2022-07-05,289,175
舟山市,2022-07-06,299,147
舟山市,2022-07-07,227,134
舟山市,2022-07-08,189,150
舟山市,2022-07-09,135,62
舟山市,2022-07-11,163,118
舟山市,2022-07-12,248,110
舟山市,2022-07-13,143,68
舟山市,2022-07-14,51,27
舟山市,2022-07-15,125,84
舟山市,2022-07-16,93,44
舟山市,2022-07-17,185,0
舟山市,2022-07-18,138,60
舟山市,2022-07-19,120,51
舟山市,2022-07-20,196,79
舟山市,2022-07-21,147,63
舟山市,2022-07-22,111,59
舟山市,2022-07-23,1,1
舟山市,2022-07-25,132,65
舟山市,2022-07-26,270,110
舟山市,2022-07-27,496,323
舟山市,2022-07-28,321,190
舟山市,2022-07-29,325,151
舟山市,2022-07-30,123,30
舟山市,2022-08-01,358,149
舟山市,2022-08-02,480,227
舟山市,2022-08-03,253,135
舟山市,2022-08-04,339,134
舟山市,2022-08-05,264,94
舟山市,2022-08-06,96,48
舟山市,2022-08-08,259,104
舟山市,2022-08-09,206,65
舟山市,2022-08-10,301,114
舟山市,2022-08-11,312,142
舟山市,2022-08-12,333,176
舟山市,2022-08-13,106,46
舟山市,2022-08-15,384,156
舟山市,2022-08-16,321,87
舟山市,2022-08-17,352,127
舟山市,2022-08-18,358,175
舟山市,2022-08-19,372,233
舟山市,2022-08-20,77,43
舟山市,2022-08-22,353,202
舟山市,2022-08-23,303,174
舟山市,2022-08-24,280,137
舟山市,2022-08-25,263,144
舟山市,2022-08-26,354,186
舟山市,2022-08-27,95,42
舟山市,2022-08-29,403,234
舟山市,2022-08-30,271,153
舟山市,2022-08-31,374,203
舟山市,2022-09-01,370,221
舟山市,2022-09-02,213,107
舟山市,2022-09-03,87,39
舟山市,2022-09-05,141,100
舟山市,2022-09-06,133,63
舟山市,2022-09-07,195,67
舟山市,2022-09-08,207,76
舟山市,2022-09-09,123,27
舟山市,2022-09-12,135,78
舟山市,2022-09-13,286,123
舟山市,2022-09-14,229,122
舟山市,2022-09-15,112,59
舟山市,2022-09-16,188,77
舟山市,2022-09-17,38,10
舟山市,2022-09-19,224,67
舟山市,2022-09-20,299,130
舟山市,2022-09-21,431,145
舟山市,2022-09-22,281,110
舟山市,2022-09-23,224,78
舟山市,2022-09-24,86,25
舟山市,2022-09-26,352,166
舟山市,2022-09-27,316,159
舟山市,2022-09-28,296,132
舟山市,2022-09-29,196,70
舟山市,2022-09-30,255,111
舟山市,2022-10-04,63,21
舟山市,2022-10-06,233,88
舟山市,2022-10-07,142,78
舟山市,2022-10-08,185,85
舟山市,2022-10-09,41,10
舟山市,2022-10-10,224,67
舟山市,2022-10-11,125,48
舟山市,2022-10-12,241,64
舟山市,2022-10-13,189,55
舟山市,2022-10-14,190,56
舟山市,2022-10-15,25,5
舟山市,2022-10-17,223,110
舟山市,2022-10-18,187,41
舟山市,2022-10-19,204,53
舟山市,2022-10-20,217,75
舟山市,2022-10-21,184,65
舟山市,2022-10-22,68,19
舟山市,2022-10-24,195,64
舟山市,2022-10-25,224,96
舟山市,2022-10-26,213,99
舟山市,2022-10-27,86,31
舟山市,2022-10-28,144,78
舟山市,2022-10-29,71,33
舟山市,2022-10-31,264,145
舟山市,2022-11-01,198,58
舟山市,2022-11-02,186,86
舟山市,2022-11-03,127,60
舟山市,2022-11-04,168,67
舟山市,2022-11-05,76,19
舟山市,2022-11-07,139,47
舟山市,2022-11-08,177,81
舟山市,2022-11-09,236,118
舟山市,2022-11-10,126,47
舟山市,2022-11-11,76,28
舟山市,2022-11-12,54,23
舟山市,2022-11-14,71,35
舟山市,2022-11-15,34,12
衢州市,2021-11-16,191,123
衢州市,2021-11-17,173,117
衢州市,2021-11-18,319,164
衢州市,2021-11-19,74,62
衢州市,2021-11-20,23,8
衢州市,2021-11-22,76,61
衢州市,2021-11-23,101,97
衢州市,2021-11-24,164,139
衢州市,2021-11-25,108,88
衢州市,2021-11-26,112,89
衢州市,2021-11-27,58,23
衢州市,2021-11-28,11,11
衢州市,2021-11-29,251,217
衢州市,2021-11-30,130,114
衢州市,2021-12-01,202,178
衢州市,2021-12-02,106,80
衢州市,2021-12-03,615,434
衢州市,2021-12-04,99,59
衢州市,2021-12-05,3,2
衢州市,2021-12-06,104,55
衢州市,2021-12-07,278,207
衢州市,2021-12-08,165,135
衢州市,2021-12-09,125,99
衢州市,2021-12-10,200,169
衢州市,2021-12-11,39,37
衢州市,2021-12-12,86,72
衢州市,2021-12-13,68,62
衢州市,2021-12-14,240,228
衢州市,2021-12-15,417,362
衢州市,2021-12-16,335,306
衢州市,2021-12-17,233,153
衢州市,2021-12-18,153,119
衢州市,2021-12-19,138,103
衢州市,2021-12-20,326,280
衢州市,2021-12-21,140,108
衢州市,2021-12-22,139,118
衢州市,2021-12-23,61,42
衢州市,2021-12-24,49,37
衢州市,2021-12-25,34,30
衢州市,2021-12-26,45,39
衢州市,2021-12-27,70,56
衢州市,2021-12-28,422,353
衢州市,2021-12-29,164,113
衢州市,2021-12-30,388,351
衢州市,2021-12-31,184,150
衢州市,2022-01-01,1,1
衢州市,2022-01-02,2,1
衢州市,2022-01-03,10,10
衢州市,2022-01-04,230,195
衢州市,2022-01-05,99,88
衢州市,2022-01-06,36,25
衢州市,2022-01-07,98,64
衢州市,2022-01-08,19,10
衢州市,2022-01-09,47,35
衢州市,2022-01-10,129,110
衢州市,2022-01-11,98,77
衢州市,2022-01-12,45,30
衢州市,2022-01-13,47,36
衢州市,2022-01-14,150,140
衢州市,2022-01-15,15,14
衢州市,2022-01-16,8,7
衢州市,2022-01-17,110,37
衢州市,2022-01-18,58,50
衢州市,2022-01-19,44,19
衢州市,2022-01-20,80,51
衢州市,2022-01-21,50,38
衢州市,2022-01-22,4,3
衢州市,2022-01-24,68,52
衢州市,2022-01-25,41,26
衢州市,2022-01-26,100,36
衢州市,2022-01-27,19,16
衢州市,2022-01-28,31,27
衢州市,2022-01-29,5,4
衢州市,2022-01-30,14,12
衢州市,2022-01-31,1,1
衢州市,2022-02-01,1,1
衢州市,2022-02-02,1,1
衢州市,2022-02-03,1,1
衢州市,2022-02-07,11,6
衢州市,2022-02-08,60,52
衢州市,2022-02-09,77,63
衢州市,2022-02-10,99,87
衢州市,2022-02-11,100,71
衢州市,2022-02-12,14,10
衢州市,2022-02-13,11,11
衢州市,2022-02-14,208,143
衢州市,2022-02-15,168,142
衢州市,2022-02-16,197,150
衢州市,2022-02-17,167,151
衢州市,2022-02-18,192,157
衢州市,2022-02-19,40,35
衢州市,2022-02-20,6,5
衢州市,2022-02-21,152,106
衢州市,2022-02-22,208,162
衢州市,2022-02-23,222,163
衢州市,2022-02-24,208,146
衢州市,2022-02-25,214,160
衢州市,2022-02-26,20,17
衢州市,2022-02-27,1,0
衢州市,2022-02-28,204,159
衢州市,2022-03-01,68,57
衢州市,2022-03-02,121,99
衢州市,2022-03-03,83,65
衢州市,2022-03-04,162,123
衢州市,2022-03-05,40,36
衢州市,2022-03-06,71,14
衢州市,2022-03-07,119,88
衢州市,2022-03-08,169,138
衢州市,2022-03-09,165,134
衢州市,2022-03-10,197,165
衢州市,2022-03-11,227,187
衢州市,2022-03-12,41,34
衢州市,2022-03-13,17,15
衢州市,2022-03-14,36,25
衢州市,2022-03-15,58,41
衢州市,2022-03-16,41,33
衢州市,2022-03-17,66,27
衢州市,2022-03-18,22,10
衢州市,2022-03-19,5,2
衢州市,2022-03-20,24,23
衢州市,2022-03-23,2,2
衢州市,2022-03-24,9,7
衢州市,2022-03-25,41,16
衢州市,2022-03-26,10,10
衢州市,2022-03-27,3,0
衢州市,2022-03-28,50,42
衢州市,2022-03-29,90,80
衢州市,2022-03-30,164,64
衢州市,2022-03-31,46,39
衢州市,2022-04-01,54,47
衢州市,2022-04-02,107,60
衢州市,2022-04-03,6,6
衢州市,2022-04-04,3,1
衢州市,2022-04-05,4,4
衢州市,2022-04-06,77,61
衢州市,2022-04-07,56,46
衢州市,2022-04-08,91,72
衢州市,2022-04-09,17,9
衢州市,2022-04-10,17,13
衢州市,2022-04-11,95,82
衢州市,2022-04-12,93,77
衢州市,2022-04-13,160,135
衢州市,2022-04-14,101,83
衢州市,2022-04-15,97,81
衢州市,2022-04-16,3,3
衢州市,2022-04-17,2,2
衢州市,2022-04-18,205,180
衢州市,2022-04-19,117,104
衢州市,2022-04-20,95,74
衢州市,2022-04-21,139,108
衢州市,2022-04-22,125,93
衢州市,2022-04-23,21,20
衢州市,2022-04-24,66,62
衢州市,2022-04-25,101,94
衢州市,2022-04-26,127,113
衢州市,2022-04-27,131,111
衢州市,2022-04-28,57,47
衢州市,2022-04-29,169,113
衢州市,2022-04-30,15,8
衢州市,2022-05-01,2,2
衢州市,2022-05-02,48,45
衢州市,2022-05-03,1,1
衢州市,2022-05-04,17,13
衢州市,2022-05-05,73,64
衢州市,2022-05-06,125,112
衢州市,2022-05-07,225,198
衢州市,2022-05-08,1,0
衢州市,2022-05-09,30,26
衢州市,2022-05-10,211,189
衢州市,2022-05-11,133,107
衢州市,2022-05-12,131,98
衢州市,2022-05-13,149,118
衢州市,2022-05-14,55,46
衢州市,2022-05-15,44,40
衢州市,2022-05-16,129,91
衢州市,2022-05-17,173,137
衢州市,2022-05-18,30,22
衢州市,2022-05-19,156,132
衢州市,2022-05-20,169,133
衢州市,2022-05-21,25,8
衢州市,2022-05-22,2,1
衢州市,2022-05-23,158,138
衢州市,2022-05-24,74,63
衢州市,2022-05-25,133,120
衢州市,2022-05-26,243,176
衢州市,2022-05-27,320,277
衢州市,2022-05-28,27,17
衢州市,2022-05-29,22,19
衢州市,2022-05-30,53,42
衢州市,2022-05-31,138,96
衢州市,2022-06-01,201,112
衢州市,2022-06-02,346,240
衢州市,2022-06-03,26,19
衢州市,2022-06-04,92,52
衢州市,2022-06-05,4,3
衢州市,2022-06-06,160,77
衢州市,2022-06-07,130,99
衢州市,2022-06-08,459,383
衢州市,2022-06-09,374,337
衢州市,2022-06-10,132,117
衢州市,2022-06-11,341,278
衢州市,2022-06-12,215,196
衢州市,2022-06-13,184,143
衢州市,2022-06-14,172,150
衢州市,2022-06-15,169,116
衢州市,2022-06-16,445,121
衢州市,2022-06-17,149,126
衢州市,2022-06-18,8,6
衢州市,2022-06-19,39,17
衢州市,2022-06-20,1396,1150
衢州市,2022-06-21,470,354
衢州市,2022-06-22,313,244
衢州市,2022-06-23,235,180
衢州市,2022-06-24,218,163
衢州市,2022-06-25,79,52
衢州市,2022-06-26,46,38
衢州市,2022-06-27,130,90
衢州市,2022-06-28,320,233
衢州市,2022-06-29,185,149
衢州市,2022-06-30,479,395
衢州市,2022-07-01,290,224
衢州市,2022-07-02,8,6
衢州市,2022-07-03,10,10
衢州市,2022-07-04,175,153
衢州市,2022-07-05,203,156
衢州市,2022-07-06,324,245
衢州市,2022-07-07,298,236
衢州市,2022-07-08,221,181
衢州市,2022-07-09,10,5
衢州市,2022-07-10,17,8
衢州市,2022-07-11,252,192
衢州市,2022-07-12,269,202
衢州市,2022-07-13,411,323
衢州市,2022-07-14,391,277
衢州市,2022-07-15,187,148
衢州市,2022-07-16,46,43
衢州市,2022-07-17,45,36
衢州市,2022-07-18,177,158
衢州市,2022-07-19,295,202
衢州市,2022-07-20,191,144
衢州市,2022-07-21,262,224
衢州市,2022-07-22,270,224
衢州市,2022-07-23,26,4
衢州市,2022-07-24,1,1
衢州市,2022-07-25,348,213
衢州市,2022-07-26,124,101
衢州市,2022-07-27,300,253
衢州市,2022-07-28,187,172
衢州市,2022-07-29,131,118
衢州市,2022-07-30,37,28
衢州市,2022-07-31,13,12
衢州市,2022-08-01,279,258
衢州市,2022-08-02,271,204
衢州市,2022-08-03,294,243
衢州市,2022-08-04,185,147
衢州市,2022-08-05,117,66
衢州市,2022-08-06,56,14
衢州市,2022-08-07,51,51
衢州市,2022-08-08,96,81
衢州市,2022-08-09,115,80
衢州市,2022-08-10,358,259
衢州市,2022-08-11,201,160
衢州市,2022-08-12,299,169
衢州市,2022-08-13,66,22
衢州市,2022-08-14,4,4
衢州市,2022-08-15,247,196
衢州市,2022-08-16,184,114
衢州市,2022-08-17,320,220
衢州市,2022-08-18,397,279
衢州市,2022-08-19,353,155
衢州市,2022-08-20,6,3
衢州市,2022-08-21,2,2
衢州市,2022-08-22,278,156
衢州市,2022-08-23,403,270
衢州市,2022-08-24,933,773
衢州市,2022-08-25,724,593
衢州市,2022-08-26,335,297
衢州市,2022-08-27,32,25
衢州市,2022-08-28,36,32
衢州市,2022-08-29,196,160
衢州市,2022-08-30,183,135
衢州市,2022-08-31,220,164
衢州市,2022-09-01,288,162
衢州市,2022-09-02,221,184
衢州市,2022-09-03,8,5
衢州市,2022-09-04,3,2
衢州市,2022-09-05,302,215
衢州市,2022-09-06,296,216
衢州市,2022-09-07,397,347
衢州市,2022-09-08,203,180
衢州市,2022-09-09,533,461
衢州市,2022-09-10,19,18
衢州市,2022-09-11,20,20
衢州市,2022-09-12,51,47
衢州市,2022-09-13,269,232
衢州市,2022-09-14,559,455
衢州市,2022-09-15,400,330
衢州市,2022-09-16,262,234
衢州市,2022-09-17,14,10
衢州市,2022-09-18,19,17
衢州市,2022-09-19,483,386
衢州市,2022-09-20,403,329
衢州市,2022-09-21,253,228
衢州市,2022-09-22,244,168
衢州市,2022-09-23,279,227
衢州市,2022-09-24,132,69
衢州市,2022-09-25,74,20
衢州市,2022-09-26,584,518
衢州市,2022-09-27,461,366
衢州市,2022-09-28,367,301
衢州市,2022-09-29,265,179
衢州市,2022-09-30,221,128
衢州市,2022-10-01,1,1
衢州市,2022-10-02,4,4
衢州市,2022-10-03,32,30
衢州市,2022-10-04,10,3
衢州市,2022-10-05,6,5
衢州市,2022-10-06,31,27
衢州市,2022-10-07,117,70
衢州市,2022-10-08,87,47
衢州市,2022-10-09,229,154
衢州市,2022-10-10,269,235
衢州市,2022-10-11,85,73
衢州市,2022-10-12,168,113
衢州市,2022-10-13,287,204
衢州市,2022-10-14,474,422
衢州市,2022-10-15,55,48
衢州市,2022-10-16,4,3
衢州市,2022-10-17,75,59
衢州市,2022-10-18,99,91
衢州市,2022-10-19,79,67
衢州市,2022-10-20,131,108
衢州市,2022-10-21,252,242
衢州市,2022-10-22,59,47
衢州市,2022-10-23,3,1
衢州市,2022-10-24,136,122
衢州市,2022-10-25,133,110
衢州市,2022-10-26,362,322
衢州市,2022-10-27,147,126
衢州市,2022-10-28,157,149
衢州市,2022-10-29,125,89
衢州市,2022-10-30,11,6
衢州市,2022-10-31,150,130
衢州市,2022-11-01,36,28
衢州市,2022-11-02,302,261
衢州市,2022-11-03,485,426
衢州市,2022-11-04,142,118
衢州市,2022-11-05,50,35
衢州市,2022-11-06,32,27
衢州市,2022-11-07,18,14
衢州市,2022-11-08,391,362
衢州市,2022-11-09,80,77
衢州市,2022-11-10,361,330
衢州市,2022-11-11,189,176
衢州市,2022-11-12,42,12
衢州市,2022-11-13,1,1
衢州市,2022-11-14,33,24
衢州市,2022-11-15,16,15
金华市,2021-11-16,243,190
金华市,2021-11-17,201,74
金华市,2021-11-18,264,219
金华市,2021-11-19,139,75
金华市,2021-11-20,92,72
金华市,2021-11-21,107,64
金华市,2021-11-22,136,40
金华市,2021-11-23,121,59
金华市,2021-11-24,191,128
金华市,2021-11-25,194,114
金华市,2021-11-26,195,108
金华市,2021-11-27,268,49
金华市,2021-11-28,141,5
金华市,2021-11-29,356,237
金华市,2021-11-30,527,387
金华市,2021-12-01,296,168
金华市,2021-12-02,447,327
金华市,2021-12-03,125,84
金华市,2021-12-04,64,9
金华市,2021-12-05,46,17
金华市,2021-12-06,29,10
金华市,2021-12-07,476,314
金华市,2021-12-08,350,214
金华市,2021-12-09,167,45
金华市,2021-12-10,318,112
金华市,2021-12-11,311,255
金华市,2021-12-12,321,270
金华市,2021-12-13,215,146
金华市,2021-12-14,254,198
金华市,2021-12-15,314,179
金华市,2021-12-16,345,186
金华市,2021-12-17,171,61
金华市,2021-12-18,356,136
金华市,2021-12-19,84,3
金华市,2021-12-20,29,12
金华市,2021-12-21,459,35
金华市,2021-12-22,386,131
金华市,2021-12-23,105,69
金华市,2021-12-24,147,115
金华市,2021-12-25,24,6
金华市,2021-12-26,14,1
金华市,2021-12-27,29,19
金华市,2021-12-28,257,159
金华市,2021-12-29,255,113
金华市,2021-12-30,258,110
金华市,2021-12-31,189,27
金华市,2022-01-01,32,21
金华市,2022-01-02,12,11
金华市,2022-01-03,94,9
金华市,2022-01-04,65,48
金华市,2022-01-05,194,134
金华市,2022-01-06,142,88
金华市,2022-01-07,338,208
金华市,2022-01-08,54,30
金华市,2022-01-09,108,92
金华市,2022-01-10,192,130
金华市,2022-01-11,188,21
金华市,2022-01-12,152,54
金华市,2022-01-13,43,19
金华市,2022-01-14,101,25
金华市,2022-01-15,71,34
金华市,2022-01-16,4,0
金华市,2022-01-17,212,69
金华市,2022-01-18,91,34
金华市,2022-01-19,121,95
金华市,2022-01-20,39,11
金华市,2022-01-21,96,59
金华市,2022-01-22,36,14
金华市,2022-01-23,7,2
金华市,2022-01-24,19,1
金华市,2022-01-25,9,4
金华市,2022-01-26,41,34
金华市,2022-01-27,18,10
金华市,2022-01-28,23,12
金华市,2022-01-29,9,2
金华市,2022-01-30,4,0
金华市,2022-02-02,17,17
金华市,2022-02-03,12,12
金华市,2022-02-04,4,4
金华市,2022-02-06,2,2
金华市,2022-02-07,1,0
金华市,2022-02-08,59,4
金华市,2022-02-09,100,4
金华市,2022-02-10,66,0
金华市,2022-02-11,56,11
金华市,2022-02-12,54,1
金华市,2022-02-13,23,0
金华市,2022-02-14,23,1
金华市,2022-02-15,47,1
金华市,2022-02-16,30,8
金华市,2022-02-17,17,0
金华市,2022-02-18,35,2
金华市,2022-02-19,29,5
金华市,2022-02-20,22,12
金华市,2022-02-21,58,5
金华市,2022-02-22,56,7
金华市,2022-02-23,78,23
金华市,2022-02-24,32,13
金华市,2022-02-25,61,17
金华市,2022-02-26,59,4
金华市,2022-02-27,7,0
金华市,2022-02-28,51,21
金华市,2022-03-01,167,71
金华市,2022-03-02,112,18
金华市,2022-03-03,160,4
金华市,2022-03-04,98,62
金华市,2022-03-05,49,31
金华市,2022-03-06,19,10
金华市,2022-03-07,91,55
金华市,2022-03-08,87,17
金华市,2022-03-09,171,78
金华市,2022-03-10,61,37
金华市,2022-03-11,326,218
金华市,2022-03-12,70,17
金华市,2022-03-13,13,0
金华市,2022-03-14,231,72
金华市,2022-03-15,49,17
金华市,2022-03-16,135,16
金华市,2022-03-17,69,37
金华市,2022-03-18,343,162
金华市,2022-03-19,110,39
金华市,2022-03-20,34,3
金华市,2022-03-21,256,30
金华市,2022-03-22,192,116
金华市,2022-03-23,245,82
金华市,2022-03-24,181,41
金华市,2022-03-25,191,33
金华市,2022-03-26,212,58
金华市,2022-03-27,108,68
金华市,2022-03-28,171,71
金华市,2022-03-29,181,40
金华市,2022-03-30,224,62
金华市,2022-03-31,191,67
金华市,2022-04-01,145,63
金华市,2022-04-02,493,238
金华市,2022-04-03,175,5
金华市,2022-04-04,118,17
金华市,2022-04-05,22,9
金华市,2022-04-06,569,363
金华市,2022-04-07,126,98
金华市,2022-04-08,212,107
金华市,2022-04-09,34,24
金华市,2022-04-10,83,56
金华市,2022-04-11,195,99
金华市,2022-04-12,60,21
金华市,2022-04-13,211,91
金华市,2022-04-14,488,309
金华市,2022-04-15,128,24
金华市,2022-04-16,196,23
金华市,2022-04-17,54,0
金华市,2022-04-18,149,43
金华市,2022-04-19,38,27
金华市,2022-04-20,216,17
金华市,2022-04-21,110,59
金华市,2022-04-22,159,14
金华市,2022-04-23,114,52
金华市,2022-04-24,165,33
金华市,2022-04-25,190,120
金华市,2022-04-26,189,9
金华市,2022-04-27,77,14
金华市,2022-04-28,237,8
金华市,2022-04-29,66,17
金华市,2022-04-30,54,1
金华市,2022-05-01,2,2
金华市,2022-05-02,80,66
金华市,2022-05-03,72,35
金华市,2022-05-04,151,125
金华市,2022-05-05,80,18
金华市,2022-05-06,143,21
金华市,2022-05-07,303,88
金华市,2022-05-08,119,67
金华市,2022-05-09,13,4
金华市,2022-05-10,227,110
金华市,2022-05-11,78,68
金华市,2022-05-12,110,41
金华市,2022-05-13,238,133
金华市,2022-05-14,271,204
金华市,2022-05-15,562,405
金华市,2022-05-16,588,417
金华市,2022-05-17,111,56
金华市,2022-05-18,283,56
金华市,2022-05-19,688,467
金华市,2022-05-20,254,97
金华市,2022-05-21,31,0
金华市,2022-05-22,146,2
金华市,2022-05-23,525,59
金华市,2022-05-24,199,44
金华市,2022-05-25,132,41
金华市,2022-05-26,184,66
金华市,2022-05-27,203,61
金华市,2022-05-28,262,28
金华市,2022-05-29,50,5
金华市,2022-05-30,1013,140
金华市,2022-05-31,436,254
金华市,2022-06-01,357,229
金华市,2022-06-02,115,62
金华市,2022-06-03,45,30
金华市,2022-06-04,210,151
金华市,2022-06-05,85,6
金华市,2022-06-06,244,133
金华市,2022-06-07,394,198
金华市,2022-06-08,214,70
金华市,2022-06-09,421,203
金华市,2022-06-10,415,224
金华市,2022-06-11,217,88
金华市,2022-06-12,50,30
金华市,2022-06-13,213,56
金华市,2022-06-14,147,106
金华市,2022-06-15,511,157
金华市,2022-06-16,259,76
金华市,2022-06-17,198,52
金华市,2022-06-18,254,155
金华市,2022-06-19,191,132
金华市,2022-06-20,160,68
金华市,2022-06-21,220,92
金华市,2022-06-22,708,431
金华市,2022-06-23,199,116
金华市,2022-06-24,260,112
金华市,2022-06-25,259,204
金华市,2022-06-26,57,8
金华市,2022-06-27,116,56
金华市,2022-06-28,248,169
金华市,2022-06-29,382,257
金华市,2022-06-30,533,376
金华市,2022-07-01,365,71
金华市,2022-07-02,351,188
金华市,2022-07-03,54,12
金华市,2022-07-04,1055,452
金华市,2022-07-05,124,70
金华市,2022-07-06,286,153
金华市,2022-07-07,223,86
金华市,2022-07-08,158,115
金华市,2022-07-09,324,198
金华市,2022-07-10,161,89
金华市,2022-07-11,200,100
金华市,2022-07-12,541,114
金华市,2022-07-13,491,272
金华市,2022-07-14,503,244
金华市,2022-07-15,235,131
金华市,2022-07-16,496,286
金华市,2022-07-17,151,112
金华市,2022-07-18,339,134
金华市,2022-07-19,294,164
金华市,2022-07-20,591,328
金华市,2022-07-21,325,163
金华市,2022-07-22,440,244
金华市,2022-07-23,276,219
金华市,2022-07-24,43,33
金华市,2022-07-25,388,35
金华市,2022-07-26,347,185
金华市,2022-07-27,837,155
金华市,2022-07-28,517,393
金华市,2022-07-29,235,118
金华市,2022-07-30,331,234
金华市,2022-07-31,172,95
金华市,2022-08-01,112,70
金华市,2022-08-02,1100,487
金华市,2022-08-03,410,297
金华市,2022-08-04,514,340
金华市,2022-08-05,378,271
金华市,2022-08-06,244,120
金华市,2022-08-07,156,105
金华市,2022-08-08,262,222
金华市,2022-08-09,261,85
金华市,2022-08-10,44,24
金华市,2022-08-11,47,25
金华市,2022-08-12,237,79
金华市,2022-08-13,52,25
金华市,2022-08-14,155,33
金华市,2022-08-15,105,73
金华市,2022-08-16,160,66
金华市,2022-08-17,168,102
金华市,2022-08-18,344,91
金华市,2022-08-19,159,72
金华市,2022-08-20,62,50
金华市,2022-08-21,159,128
金华市,2022-08-22,95,69
金华市,2022-08-23,513,284
金华市,2022-08-24,240,134
金华市,2022-08-25,411,289
金华市,2022-08-26,68,46
金华市,2022-08-27,199,165
金华市,2022-08-28,27,11
金华市,2022-08-29,104,49
金华市,2022-08-30,101,56
金华市,2022-08-31,104,55
金华市,2022-09-01,216,152
金华市,2022-09-02,172,83
金华市,2022-09-03,408,173
金华市,2022-09-04,45,29
金华市,2022-09-05,125,83
金华市,2022-09-06,121,100
金华市,2022-09-07,348,271
金华市,2022-09-08,70,36
金华市,2022-09-09,167,33
金华市,2022-09-10,47,41
金华市,2022-09-11,85,84
金华市,2022-09-12,167,57
金华市,2022-09-13,141,78
金华市,2022-09-14,173,79
金华市,2022-09-15,240,196
金华市,2022-09-16,250,198
金华市,2022-09-17,237,162
金华市,2022-09-18,41,21
金华市,2022-09-19,209,109
金华市,2022-09-20,274,155
金华市,2022-09-21,362,273
金华市,2022-09-22,677,563
金华市,2022-09-23,80,67
金华市,2022-09-24,126,53
金华市,2022-09-25,74,39
金华市,2022-09-26,70,50
金华市,2022-09-27,172,129
金华市,2022-09-28,254,146
金华市,2022-09-29,225,169
金华市,2022-09-30,154,128
金华市,2022-10-01,8,8
金华市,2022-10-03,7,7
金华市,2022-10-04,92,79
金华市,2022-10-05,151,123
金华市,2022-10-06,132,119
金华市,2022-10-07,128,103
金华市,2022-10-08,464,321
金华市,2022-10-09,234,198
金华市,2022-10-10,118,71
金华市,2022-10-11,93,89
金华市,2022-10-12,238,198
金华市,2022-10-13,331,238
金华市,2022-10-14,247,168
金华市,2022-10-15,204,164
金华市,2022-10-16,60,41
金华市,2022-10-17,186,146
金华市,2022-10-18,124,32
金华市,2022-10-19,140,113
金华市,2022-10-20,225,163
金华市,2022-10-21,262,215
金华市,2022-10-22,392,262
金华市,2022-10-23,210,169
金华市,2022-10-24,55,41
金华市,2022-10-25,228,168
金华市,2022-10-26,263,224
金华市,2022-10-27,276,251
金华市,2022-10-28,172,153
金华市,2022-10-29,54,36
金华市,2022-10-30,40,23
金华市,2022-10-31,283,246
金华市,2022-11-01,206,143
金华市,2022-11-02,127,109
金华市,2022-11-03,18,17
金华市,2022-11-04,435,317
金华市,2022-11-05,277,207
金华市,2022-11-06,137,103
金华市,2022-11-07,71,38
金华市,2022-11-08,189,130
金华市,2022-11-09,784,586
金华市,2022-11-10,420,345
金华市,2022-11-11,658,498
金华市,2022-11-12,427,250
金华市,2022-11-13,306,115
金华市,2022-11-14,246,154
金华市,2022-11-15,878,433
